13,sina.com.cn,.cn
39,gmw.cn,.cn
40,360.cn,.cn
64,tianya.cn,.cn
79,cntv.cn,.cn
103,chinadaily.com.cn,.cn
122,china.com.cn,.cn
129,amazon.cn,.cn
195,google.cn,.cn
208,youth.cn,.cn
225,zol.com.cn,.cn
272,caijing.com.cn,.cn
299,mama.cn,.cn
317,cnnic.cn,.cn
335,enet.com.cn,.cn
364,ce.cn,.cn
503,k618.cn,.cn
555,12306.cn,.cn
571,alexa.cn,.cn
574,rednet.cn,.cn
621,jrj.com.cn,.cn
653,voc.com.cn,.cn
695,workercn.cn,.cn
764,pconline.com.cn,.cn
851,autohome.com.cn,.cn
884,imobile.com.cn,.cn
985,189.cn,.cn
