89,googleusercontent.com,
183,bp.blogspot.com,
212,akamaihd.net,
281,doorblog.jp,
377,spaceshipads.com,
381,abs-cbn.com,
387,livedoor.biz,
447,cloudfront.net,
477,inspsearch.com,
489,blogimg.jp,
555,12306.cn,
578,warmportrait.com,
628,itmedia.co.jp,
645,ytimg.com,
648,nhk.or.jp,
656,alicdn.com,
692,asahi.com,
695,workercn.cn,
697,netteller.com,
760,trackingclick.net,
824,geocities.jp,
829,rakuten.ne.jp,
830,padsdel.com,
835,thepiratebay.la,
840,kuronekoyamato.co.jp,
899,images-amazon.com,
970,esuteru.com,
1000,donanimhaber.com,
