5844,dealdey.com
5845,akibablog.net
5846,junglee.com
5847,eprize.com
5848,purewow.com
5849,mgstage.com
5850,getpaid.social
5851,play.pl
5852,yzforex.com
5853,jmys168.com
5854,tjx.com
5855,visa.com
5856,stylebistro.com
5857,nix.ru
5858,ethz.ch
5859,scambioetico.org
5860,boardingarea.com
5861,abaenglish.com
5862,excelsior.com.mx
5863,totaljobs.com
5864,mg.gov.br
5865,gh0089.com
5866,netzwelt.de
5867,army.mil
5868,kiwilimon.com
5869,33lc.com
5870,pcbaby.com.cn
5871,rs-online.com
5872,onlinetrade.ru
5873,thiruttuvcd.me
5874,nukistream.com
5875,funda.nl
5876,bibsonomy.org
5877,776la.com
5878,vivastreet.com
5879,akhbarona.com
5880,thomson.co.uk
5881,siilu.com
5882,dvdvideosoft.com
5883,mataharimall.com
5884,jiyoujia.com
5885,nic.ru
5886,wareable.com
5887,kiabi.com
5888,unsplash.com
5889,active.com
5890,cnnindonesia.com
5891,handycafe.com
5892,123telugu.com
5893,gungho.jp
5894,eiga.com
5895,androidforums.com
5896,burberry.com
5897,iranestekhdam.ir
5898,jc001.cn
5899,taisha.org
5900,greenmangaming.com
5901,thetrainline.com
5902,filenuke.com
5903,chaduo.com
5904,zhong5.cn
5905,gamebomb.ru
5906,zealer.com
5907,metoffice.gov.uk
5908,polar.com
5909,dreamhost.com
5910,everydayhealth.com.tw
5911,bola.net
5912,game-debate.com
5913,softonic.it
5914,soundhouse.co.jp
5915,metronews.fr
5916,radikal.ru
5917,grid.mk
5918,thegameraccess.com
5919,rudaw.net
5920,51saier.cn
5921,99inf.com
5922,sexu.com
5923,applyyourself.com
5924,safaribooksonline.com
5925,donnaplay.com
5926,k12.ca.us
5927,uszcn.com
5928,loc.gov
5929,yan.vn
5930,neowin.net
5931,kanqite.com
5932,businessofcinema.com
5933,batepapo.uol.com.br
5934,incredibar.com
5935,vocabulary.com
5936,imsforex.com
5937,logme.in
5938,meowshare.com
5939,wugu.com.cn
5940,appnexus.com
5941,tatts.com
5942,koubei.com
5943,yad2.co.il
5944,gettraff.com
5945,pipedrive.com
5946,swarovski.com
5947,standard.co.uk
5948,onecall2ch.com
5949,overthumbs.com
5950,newser.cc
5951,aeroflot.ru
5952,intouchweekly.com
5953,cliphunter.com
5954,77shu.com
5955,wrike.com
5956,politikus.ru
5957,sdna.gr
5958,sabaharabi.com
5959,bezaat.com
5960,ewirn45.com
5961,chevrolet.com
5962,nicozon.net
5963,patient.info
5964,minkch.com
5965,probuilds.net
5966,huatu.com
5967,etsystatic.com
5968,mercadolibre.cl
5969,songtexte.com
5970,fl.ru
5971,blablacar.fr
5972,ie57.com
5973,carid.com
5974,loopnet.com
5975,google.sn
5976,thestar.com.my
5977,copy.com
5978,pr.gov.br
5979,rogers.com
5980,aemet.es
5981,tixuz.com
5982,familyclix.com
5983,7-hotel.com
5984,consequenceofsound.net
5985,ssl-images-amazon.com
5986,lexiadz.com
5987,cjmall.com
5988,interpals.net
5989,flightrising.com
5990,samvaulter.com
5991,wikitravel.org
5992,coches.net
5993,harvestapp.com
5994,head-fi.org
5995,shafaqna.com
5996,onlainporno.tv
5997,atlas.sk
5998,24ur.com
5999,movie25.hk
6000,sunfrog.com
6001,bizpacreview.com
6002,eonet.jp
6003,altyazi.org
6004,ilacrehberi.com
6005,souqiantu.com
6006,androidfilehost.com
6007,hip2save.com
6008,51credit.com
6009,thegaw.net
6010,sharp.co.jp
6011,entertainment-factory.com
6012,redbull.com
6013,joyreactor.cc
6014,e-chords.com
6015,newsvine.com
6016,tineye.com
6017,at160.com
6018,gogetlinks.net
6019,padlet.com
6020,gardenweb.com
6021,reliancebroadband.co.in
6022,winzip.com
6023,flashback.org
6024,thaivisa.com
6025,state.nj.us
6026,steamcn.com
6027,dailyfeed.co.uk
6028,demae-can.com
6029,ip138.com
6030,pge.com
6031,24.hu
6032,uc.cn
6033,webtoons.com
6034,novaposhta.ua
6035,webinarjam.net
6036,tocana.jp
6037,ofertaz.net
6038,sec.gov
6039,enamad.ir
6040,kia.com
6041,self.com
6042,xvideosnavi.mobi
6043,zapier.com
6044,veoh.com
6045,convio.net
6046,nhac.vn
6047,staples.ca
6048,iol.pt
6049,gravity.com
6050,google.com.cy
6051,1nimo.com
6052,telenet.be
6053,spielaffe.de
6054,jhu.edu
6055,google.com.om
6056,porn5.com
6057,watch32.is
6058,pinggu.org
6059,virtualbox.org
6060,geni.com
6061,launchpad.net
6062,searchenginejournal.com
6063,powvideo.net
6064,ipaddress.com
6065,lachainemeteo.com
6066,keywordtool.io
6067,benesse.ne.jp
6068,wankerlab.com
6069,edline.net
6070,hesport.com
6071,denverpost.com
6072,cpubenchmark.net
6073,egloos.com
6074,shorouknews.com
6075,naftemporiki.gr
6076,ifilez.org
6077,fox.com
6078,adult-empire.com
6079,4travel.jp
6080,blogspot.hu
6081,popsci.com
6082,shoebuy.com
6083,lenskart.com
6084,manga-enquete.com
6085,ero-kawa.com
6086,tech-wd.com
6087,biblestudytools.com
6088,spicejet.com
6089,rte.ie
6090,seatguru.com
6091,htcmania.com
6092,cra-arc.gc.ca
6093,techbargains.com
6094,americangreetings.com
6095,wind.it
6096,qianxs.com
6097,ohmynews.com
6098,enikos.gr
6099,trendin.com
6100,dramaonline.com
6101,nudevista.tv
6102,canalplus.fr
6103,docker.com
6104,shopping-now.jp
6105,unblockme.co
6106,sondakika.com
6107,stradivarius.com
6108,gboxapp.com
6109,tvzil.com
6110,hostmonster.com
6111,gameskinny.com
6112,recode.net
6113,cheshen.cn
6114,tsn.ua
6115,180wan.com
6116,dumedia.ru
6117,gasengi.com
6118,wtfast.com
6119,meijer.com
6120,ishangman.com
6121,sohao123.com
6122,dhlglobalmail.com
6123,collegeconfidential.com
6124,enfemenino.com
6125,fineartamerica.com
6126,panerabread.com
6127,classiccars.com
6128,behindwoods.com
6129,onpato.ru
6130,fda.gov
6131,report.az
6132,lolskill.net
6133,dapenti.com
6134,dfiles.ru
6135,etoro.com
6136,stream2watch.co
6137,santander.com.mx
6138,iseeclan.com
6139,megafilmesonline.net
6140,watchseries.lt
6141,fao.org
6142,baur.de
6143,worktile.com
