9059,aldoshoes.com,United States
9060,emp3.ws,India
9061,mismarcadores.com,Spain
9062,fling.com,United States
9063,cricketwireless.com,United States
9064,heftig.co,Germany
9065,modthesims.info,United States
9066,freegameszonetab.com,Iran
9067,akipress.org,Kyrgyzstan
9068,stylecaster.com,United States
9069,gelbooru.com,United States
9070,baixing.com,China
9071,raagtune.com,India
9072,spartoo.com,France
9073,apherald.com,India
9074,optus.com.au,Australia
9075,cinejosh.com,India
9076,livehindustan.com,India
9077,gametv.vn,Vietnam
9078,partycity.com,United States
9079,jia400.com,China
9080,suddenlink.net,United States
9081,win-rar.com,Brazil
9082,rightwingnews.com,United States
9083,3367.com,China
9084,prcm.jp,Japan
9085,targobank.de,Germany
9086,jiaonan.net,China
9088,quantcast.com,United States
9089,desimartini.com,India
9090,dnevnik.ru,Russia
9091,gib.gov.tr,Turkey
9092,payeasy.com.tw,Taiwan
9093,damndelicious.net,United States
9094,gnezdo.ru,Russia
9095,adultwork.com,United Kingdom
9096,hktdc.com,Taiwan
9097,marunadanmalayali.com,India
9098,arabnews.com,Saudi Arabia
9099,x0.com,Japan
9100,rogerebert.com,United States
9101,poczta-polska.pl,Poland
9102,arabi21.com,Egypt
9103,flydubai.com,United Arab Emirates
9104,tcfbank.com,United States
9105,playwares.com,South Korea
9106,cricfree.tv,United Kingdom
9107,frazens.com,Thailand
9108,technologyreview.com,United States
9109,liwai.com,China
9110,sdchina.com,China
9111,npcgo.com,China
9112,osym.gov.tr,Turkey
9113,centrelink.gov.au,Australia
9114,classdojo.com,United States
9115,snob.ru,Russia
9116,innamag.com,India
9117,beinsports.com,France
9118,theodysseyonline.com,United States
9119,51773.tv,China
9120,misumi-ec.com,Japan
9121,indulgy.com,United States
9122,my-personaltrainer.it,Italy
9123,getformsonline.com,India
9124,gamesamba.com,United States
9125,30986.com,China
9126,openculture.com,United States
9127,1wmsf.com,China
9128,empornium.me,United States
9129,lastcall.com,United States
9130,vseigru.net,Russia
9131,tvmovie.de,Germany
9132,giffgaff.com,United Kingdom
9133,disquscdn.com,United States
9134,highsnobiety.com,United States
9135,tsdm.net,China
9136,aktifhaber.com,Turkey
9137,ninjakiwi.com,United States
9138,tokyodisneyresort.jp,Japan
9139,shawcable.net,Canada
9140,immihelp.com,United States
9141,allyes.com,China
9142,charlotterusse.com,United States
9143,istruzione.it,Italy
9144,dreamwidth.org,United States
9145,punyu.com,Japan
9146,tecmint.com,India
9147,uob.com.sg,Singapore
9148,nikon-image.com,Japan
9149,dydt.net,China
9150,triphobo.com,India
9151,businesstoday.in,India
9152,daz3d.com,United States
9153,seriesblanco.com,Argentina
9154,faucetbox.com,Russia
9155,todocoleccion.net,Spain
9156,backlinko.com,India
9157,warframe.com,United States
9158,bikebros.co.jp,Japan
9159,axs.com,United States
9160,yamada-denkiweb.com,Japan
9161,myherbalife.com,United States
9162,navy.mil,United States
9163,zerodha.com,India
9164,carscoops.com,United States
9165,1688.com.au,Australia
9166,cricut.com,United States
9167,movoto.com,United States
9168,cineworld.co.uk,United Kingdom
9169,skillshare.com,United States
9170,themekiller.com,India
9171,digitalcameraworld.com,United States
9172,minnano-av.com,Japan
9173,imanhua.com,China
9174,actionpay.ru,Russia
9175,touristtube.com,United Kingdom
9176,bhinneka.com,Indonesia
9177,l-tike.com,Japan
9178,denverbroncos.com,United States
9179,webrootanywhere.com,United States
9180,unian.net,Russia
9181,shopfacil.com.br,Brazil
9182,muryoueiga.com,Japan
9183,dynadot.com,India
9184,raiffeisen.ch,Switzerland
9185,twirpx.com,Russia
9186,thescene.com,United States
9187,bikewale.com,India
9188,jsbin.com,India
9189,justia.com,United States
9190,garant.ru,Russia
9191,clickhole.com,United States
9192,wowapp.com,Russia
9193,livememe.com,United States
9194,ishtartv.com,United States
9195,nosvideo.com,United States
9196,qualcomm.com,United States
9197,natura.net,Brazil
9198,thehealthsite.com,India
9199,newsfeed.asia,Philippines
9200,mouser.com,United States
9201,zetaboards.com,United States
9202,siren24.com,South Korea
9203,loveplanet.ru,Russia
9204,portaldasfinancas.gov.pt,Portugal
9205,worldofwarships.ru,Russia
9206,minhavida.com.br,Brazil
9207,ofigenno.cc,Russia
9208,gomiblog.com,United States
9209,sigmaaldrich.com,United States
9210,via.com,India
9211,goldenline.pl,Poland
9212,114so.cn,China
9213,hackaday.com,United States
9214,jide.com,India
9215,pacogames.com,Russia
9216,myhermes.de,Germany
9217,jlchina.cn,China
9218,bls.gov,United States
9219,albeu.com,Albania
9220,licdn.com,India
9221,1kkk.com,China
9222,ruralvia.com,Spain
9223,zaubacorp.com,India
9224,dellin.ru,Russia
9225,streamay.com,France
9226,mymp3singer.com,India
9227,latercera.com,Chile
9228,parsonline.com,Iran
9229,xoom.com,United States
9230,emojipedia.org,United States
9231,buydig.com,United States
9232,70c.com,China
9233,halfords.com,United Kingdom
9234,share-links.biz,Germany
9235,rezultati.com,Croatia
9236,thaiseoboard.com,Thailand
9237,tvsubtitles.net,India
9238,odoo.com,India
9239,wear.jp,Japan
9240,amazon.com.au,Australia
9241,kuleuven.be,Belgium
9242,box.net,United States
9243,m4faaeo0sqor8.ru,Russia
9244,themeisle.com,India
9245,irannaz.com,Iran
9246,kissasian.com,United States
9247,maxifoot.fr,France
9248,wasu.cn,China
9249,discovery.co.za,South Africa
9250,illinois.gov,United States
9251,hqrevshare.com,Russia
9252,thegioididong.com,Vietnam
9253,promiflash.de,Germany
9254,95095.com,China
9255,techonthenet.com,India
9256,damasgate.com,Saudi Arabia
9257,adidas.ru,Russia
9258,sayyac.com,Turkey
9259,hizlial.com,Turkey
9260,1pondo.tv,Japan
9261,joxi.ru,Russia
9262,chmail.ir,Iran
9263,444ip.com,China
9264,femina.mk,Macedonia
9265,businessinsider.com.au,Australia
9266,u-tokyo.ac.jp,Japan
9267,kahoot.it,United States
9268,syoboi.jp,Japan
9269,61.com,China
9270,marlive.com,Russia
9271,geizhals.at,Austria
9272,home.ne.jp,Japan
9273,rol.ro,Romania
9274,ancensored.com,United States
9275,semalt.com,India
9276,25pp.com,China
9277,memedeportes.com,Spain
9278,ximalaya.com,China
9279,tanga.com,United States
9280,swappa.com,United States
9281,companieshouse.gov.uk,United Kingdom
9282,itimes.com,India
9283,shooshtime.com,United States
9284,fernsehserien.de,Germany
9285,zalando.nl,Netherlands
9286,lootcrate.com,United States
9287,ucl.ac.uk,United Kingdom
9288,37signals.com,United States
9289,androidheadlines.com,United States
9290,rbc.com,Canada
9291,swiggy.com,India
9292,thepiratebay.cr,United States
9293,dz4321.com,China
9294,buttinette.com,Germany
9295,axsam.az,Azerbaijan
9296,fabfurnish.com,India
9297,songza.com,United States
9298,freee.co.jp,Japan
9299,e-katalog.ru,Russia
9300,supercounters.com,India
9301,teamspeak.com,United States
9302,gateway.gov.uk,United Kingdom
9303,zju.edu.cn,China
9304,telderi.ru,Russia
9305,aftabnews.ir,Iran
9306,teleman.pl,Poland
9307,mazda.co.jp,Japan
9308,tofo.me,Japan
9309,byr.cn,China
9310,cashnet.com,United States
9311,remax.com,United States
9312,6565.cn,China
9313,ananmanan.lk,Sri Lanka
9314,dytt.net,China
9315,lurkmore.to,Russia
9316,bancopopolare.it,Italy
9317,usa.gov,United States
9318,flocktory.com,Russia
9319,smartrecruiters.com,United States
9320,wapka.com,India
9321,liquidweb.com,India
9322,cartoonnetwork.com,United States
9323,bitgold.com,Russia
9324,bankofindia.com,India
