25,instagram.com
27,mail.ru
46,blogspot.com
56,fc2.com
59,google.com.mx
68,pornhub.com
70,naver.com
71,go.com
82,pixnet.net
84,xhamster.com
86,google.pl
88,wikia.com
90,cnn.com
92,flipkart.com
94,adnetworkperformance.com
98,jd.com
99,china.com
101,google.co.kr
103,dmm.co.jp
113,booking.com
116,youku.com
117,bbc.com
118,google.co.th
121,163.com
122,google.com.tw
140,ettoday.net
148,uol.com.br
187,bp.blogspot.com
204,leboncoin.fr
280,files.wordpress.com
283,pandora.com
296,google.com.pe
299,mama.cn
300,livejasmin.com
302,ebay-kleinanzeigen.de
305,upornia.com
424,eyny.com
433,all2lnk.com
435,elpais.com
436,hm.com
444,nba.com
449,gamefaqs.com
455,costco.com
458,adcash.com
465,naukri.com
468,haber7.com
469,japanpost.jp
471,expedia.com
472,blogimg.jp
473,asos.com
484,shopify.com
502,exoclick.com
505,rbc.ru
508,olx.pl
512,liveinternet.ru
650,ero-video.net
719,blogspot.com.eg
720,rollingstone.com
737,elfagr.org
738,ticketmaster.com
739,bodybuilding.com
833,appledaily.com.tw
846,victoriassecret.com
847,bt.com
871,anitube.se
880,priceline.com
882,aweber.com
888,pchome.com.tw
912,123rf.com
916,researchgate.net
917,hotstar.com
918,bs.to
921,ampclicks.com
979,hilton.com
1139,hamariweb.com
1441,togetter.com
1443,bustle.com
1444,ig.com.br
1610,epochtimes.com
1611,frys.com
1613,planetromeo.com
1614,gougou.com
1616,baimao.com
1617,depositphotos.com
1618,bsnl.in
1619,ranker.com
1620,fatwallet.com
1621,shasha.ps
1623,azet.sk
1624,bioyun.com
1625,mtsindia.in
1626,taimienphi.vn
1627,vulkan.site
1628,jet.com
1629,ocn.ne.jp
1630,layalina.com
1631,panda.tv
1632,economist.com
1633,fanhuan.com
1634,ajanshaber.com
1635,jb51.net
1636,hamusoku.com
1637,freejobalert.com
1638,cloudflare.com
1639,brazzers.com
1641,1111.tmall.com
1643,utorrent.com
1659,adultfriendfinder.com
1660,howstuffworks.com
1661,cityheaven.net
1662,evite.com
1663,caisse-epargne.fr
1664,boc.cn
1665,nitroflare.com
1666,munrvscurlms.com
1667,qualtrics.com
1668,vrbo.com
1669,businessweekly.com.tw
1670,dangdang.com
1671,t411.in
1672,beytoote.com
1673,ngacn.cc
1674,konga.com
1675,talk.tw
1676,my-hit.org
1677,searchlock.com
1678,rev2pub.com
1679,nu.nl
1680,ceconline.com
1681,ynet.co.il
1682,mangahere.co
1683,dropboxusercontent.com
1684,google.tn
1685,danawa.com
1686,codeproject.com
1687,otomoto.pl
1688,marksandspencer.com
1689,ceneo.pl
1690,ft.com
1691,nttdocomo.co.jp
1692,trkute.com
1693,bb.com.br
1694,indeed.co.in
1695,lindaikejisblog.com
1696,mercadolibre.com.ve
1697,greatandhra.com
1698,tripadvisor.in
1699,staticflickr.com
1700,cosmopolitan.com
1701,pastebin.com
1702,logitech.com
1703,alexa.com
1704,orf.at
1705,zimbio.com
1706,alohatube.com
1707,nyaa.eu
1708,rr.com
1709,urbanoutfitters.com
1710,nextmedia.com
1711,healthline.com
1712,kinozal.tv
1713,bigcinema.tv
1714,01net.com
1715,smzdm.com
1716,suntrust.com
1717,webmoney.ru
1718,video-one.com
1719,lostfilm.tv
1720,realestate.com.au
1721,earthlink.net
1722,cox.net
1723,marmiton.org
1724,bizjournals.com
1725,newsnow.co.uk
1726,jsfiddle.net
1727,admtpmp123.com
1728,homeaway.com
1729,toptenreviews.com
1730,w3.org
1731,variety.com
1732,rappler.com
1733,xmediaserve.com
1734,247sports.com
1735,engageya.com
1736,nbc.com
1737,yourdailydish.com
1738,superinterstitial.com
1739,icbc.com.cn
1740,ddanzi.com
1741,tvn24.pl
1742,trklnks.com
1743,halifax-online.co.uk
1744,flirt4free.com
1745,mizuhobank.co.jp
1746,nymag.com
1747,google-analytics.com
1748,goodhousekeeping.com
1749,wmaraci.com
1750,ihg.com
1751,okwave.jp
1752,empflix.com
1753,meishichina.com
1754,eldorado.ru
1755,televisionfanatic.com
1756,skycn.com
1757,sportsdirect.com
1758,rutube.ru
1759,allmyvideos.net
1760,kapook.com
1761,vistaprint.com
1762,internetdownloadmanager.com
1763,pcgamer.com
1764,gstatic.com
1765,news24.com
1766,webcrawler.com
1767,fang.com
1768,fiducia.de
1769,iciba.com
1770,debate.com.mx
1771,grammarly.com
1772,spankwire.com
1773,dw.com
1774,jiameng.com
1775,meb.gov.tr
1776,stubhub.com
1777,abc.go.com
1778,99acres.com
1779,vsuch.com
1780,vagalume.com.br
1781,zazzle.com
1782,haraj.com.sa
1783,bayt.com
1784,hsbc.com.hk
1785,softbank.jp
1786,ulta.com
1787,elcorteingles.es
1788,srv2trking.com
1789,rakuten-bank.co.jp
1790,indeed.co.uk
1791,lonelyplanet.com
1792,joins.com
1793,qianlong.com
1794,newtab-tv.com
1795,adservone.com
1796,berkeley.edu
1797,dominos.com
1798,lavanguardia.com
1799,cheezburger.com
1800,maybank2u.com.my
1801,forocoches.com
1802,userscloud.com
1803,forgeofempires.com
1804,bc.vc
1805,google.com.pr
1806,10086.cn
1807,namecheap.com
1808,ntdtv.com
1809,terra.com.br
1810,comenity.net
1811,bradesco.com.br
1812,scoopwhoop.com
1813,startimes.com
1814,lds.org
1815,ibtimes.co.uk
1816,google.co.ma
1817,thenextweb.com
1818,mediamarkt.de
1819,forfreeupgrades.org
1820,zdnet.com
1821,cankaoxiaoxi.com
1822,tdbank.com
1823,iltalehti.fi
1824,rackspace.com
1825,theweathernetwork.com
1826,ex.ua
1827,gamefactory.jp
1828,uproxx.com
1829,ijreview.com
1830,pizzahut.com
1831,crhoy.com
1832,avast.com
1833,watchfree.to
1834,wonderlandads.com
1835,wuxiaworld.com
1836,doodle.com
1837,myspace.com
1838,marthastewart.com
1839,zedo.com
1840,gamme.com.tw
1841,porntube.com
1842,tiscali.it
1843,absoluteclickscom.com
1844,telegraf.com.ua
1845,sznews.com
1846,ana.co.jp
1847,xkcd.com
1848,famitsu.com
1849,ilfattoquotidiano.it
1850,att.net
1851,ssisurveys.com
1852,sueddeutsche.de
1853,zwaar.net
1854,suruga-ya.jp
1855,tilestwra.com
1856,slashdot.org
1857,merdeka.com
1858,imagefap.com
1859,saisoncard.co.jp
1860,kenh14.vn
1861,ad6media.fr
1862,ns5n.com
1863,zimuzu.tv
1958,globaltestmarket.com
1959,zaman.com.tr
1960,admtpmp127.com
1961,zalukaj.tv
1962,nrk.no
1963,warriorforum.com
1964,blogsky.com
1965,currys.co.uk
1966,searchalgo.com
1967,careerbuilder.com
1968,world.tmall.com
1969,ibtimes.com
1970,friendlife.com
1971,monotaro.com
1972,leparisien.fr
1973,khabaronline.ir
1974,radikal.com.tr
1975,papajohns.com
1976,protothema.gr
1977,online-convert.com
1978,bttiantang.com
1979,5dcar.com
1980,plex.tv
1981,mobafire.com
1982,smallseotools.com
1983,zalando.de
1984,vip.com
1985,huawei.com
1986,pornmd.com
1987,techtarget.com
1988,polygon.com
2013,blogspot.com.ng
2014,mysql.com
2015,travelocity.com
2016,dantri.com.vn
2017,yandex.com
2018,ubi.com
2019,51job.com
2020,standardmedia.co.ke
2021,walmart.com.br
2022,way2sms.com
2023,house365.com
2024,thepiratebay.gd
2025,abchina.com
2026,qiwi.com
2042,jia360.com
2043,scotiabank.com
2044,thepiratebay.mn
2045,591.com.tw
2463,twipple.jp
2464,csfd.cz
2465,elegantthemes.com
2466,ahrefs.com
2467,google.co.tz
2468,ilsole24ore.com
2469,elle.com
2470,letras.mus.br
2471,yoursearch.me
2472,menshealth.com
2473,keywordblocks.com
2474,alhea.com
2475,gtbank.com
2491,naij.com
2492,milli.az
2493,blackberry.com
2494,gruposantander.es
2495,popmog.com
2496,xsrv.jp
2497,thomann.de
2498,tagesschau.de
2499,nur.kz
2500,whois.com
2501,taoche.com
2502,ashleyrnadison.com
2503,musavat.com
2504,adsrvmedia.net
2505,crunchbase.com
2506,washington.edu
2507,yahoo.net
2508,eroprofile.com
2509,skrill.com
2510,gtmetrix.com
2511,when.com
2512,tnt-online.ru
2513,pointtown.com
2514,onlinemoviewatchs.com
2515,manta.com
2516,bakufu.jp
2517,oricon.co.jp
2518,yourdictionary.com
2519,animeflv.net
2520,metrotvnews.com
2521,ipko.pl
2522,natwest.com
2523,bigcartel.com
2524,dawanda.com
2525,cloob.com
2526,mundodeportivo.com
2527,zopim.com
2528,zeroredirect2.com
2529,gamesperson.com
2530,darty.com
2531,solarmovie.ac
2532,go2cloud.org
2533,forexfactory.com
2534,dubizzle.com
2535,sagawa-exp.co.jp
2536,hotwire.com
2537,trovi.com
2538,lexpress.fr
2539,baiducontent.com
2540,ipage.com
2541,kkbox.com
2542,pepperfry.com
2543,banquepopulaire.fr
2544,canon.jp
2545,alitrip.com
2546,trafficserving.com
2547,yummly.com
2548,uploadboy.com
2549,zum.com
2550,craftsy.com
2551,siriusxm.com
2552,ttshow.tw
2553,walla.co.il
2554,qiita.com
2555,ntv.com.tr
2556,popularmechanics.com
2557,windowscentral.com
2558,ouedkniss.com
2559,iminent.com
2560,spokeo.com
2561,farfetch.com
2562,ilbe.com
2563,nj.com
2564,jobzella.com
2565,hyatt.com
2566,sfglobe.com
2567,shopstyle.com
2568,videolan.org
2569,citrixonline.com
2570,bama.ir
2571,hugedomains.com
2572,murmurapp.com
2573,bizrate.com
2574,couchtuner.ag
2575,itv.com
2576,nationwide.co.uk
2577,cyol.com
2578,ebrun.com
2579,walmart.ca
2580,nordstromrack.com
2581,tecmundo.com.br
2582,google.ee
2583,nseindia.com
2584,ieee.org
2585,comicbook.com
2586,18374ir.com
2587,blogos.com
2588,cdninstagram.com
2872,sofmap.com
2925,pornhublive.com
2926,banglanews24.com
2927,boursorama.com
2928,obdesign.com.tw
2929,porn.porn
2930,starwars.com
2931,theage.com.au
2932,nasdaq.com
2933,feebee.com.tw
2934,zinturax.com
2935,bazos.sk
2936,mehrnews.com
2937,rakuten-sec.co.jp
2938,addmefast.com
2939,storm.mg
2940,google.com.uy
2941,gmail.com
2942,kisscartoon.me
2943,xs8.cn
2944,shareonion.com
2945,netgear.com
3043,minevault.com
3122,jkforum.net
3123,moneyforward.com
3124,instantcheckmate.com
3127,commonhealth.com.tw
3128,tikona.in
3133,royalmail.com
3134,listindiario.com
3135,babyblog.ru
3137,duden.de
3139,wikimapia.org
3140,therichest.com
3141,nwolb.com
3787,asg.to
3969,mitbbs.com
3970,eyoonn.com
3971,mindbodygreen.com
3972,mover.uz
3973,classmates.com
3974,hankyung.com
3975,cybersource.com
3976,reviewjournal.com
3977,daserste.de
3978,artww.com
3979,010com.cn
3980,bbvanet.com.mx
3981,gogoanime.tv
3982,fineco.it
3983,very.co.uk
3984,hrloo.com
3985,viralmundo.nl
3986,11185.cn
4186,bitsnoop.com
4187,bankbazaar.com
4188,downloadastro.com
4386,youmaker.com
4387,spirit.com
4389,wikiquote.org
4391,alpha.gr
4392,webrazzi.com
4393,raiffeisen.at
4540,cyberlink.com
4578,tam.com.br
4581,stockcharts.com
4582,turbo.az
4583,service-now.com
4584,thepetitionsite.com
4585,eprice.com.tw
4586,talkingpointsmemo.com
4587,minube.com
4588,transaccionesbancolombia.com
4589,gulte.com
4590,foxbusiness.com
4591,response.jp
4592,matomecup.com
4593,666nf.com
4594,princeton.edu
4595,ksu.edu.sa
4596,blogspot.com.co
4597,free-av-douga.com
4598,eharmony.com
4599,guildwars2.com
4600,persianv.com
4601,inbox.com
4602,winshang.com
4603,synology.com
4604,9lwan.com
4605,wowkeren.com
4606,immonet.de
4607,torrentday.com
4608,hautelook.com
4609,sidereel.com
4610,mypoints.com
4611,walmart.com.mx
4612,oxfordjournals.org
4613,gouv.qc.ca
4614,carfax.com
4615,hixgo.com
4616,kxg99.com
4617,humana.com
4618,synxis.com
4619,paultan.org
4620,scientificamerican.com
4621,pluralsight.com
4622,property24.com
4623,newsbeast.gr
4624,softgozar.com
4625,cian.ru
4626,listenonrepeat.com
4627,domain-error.com
4628,carnival.com
4629,tuikuan.tmall.com
4630,britishcouncil.org
4631,mp3skull.la
4632,nassira.info
4633,ilvyou.cc
4634,tinhte.vn
4635,flyertalk.com
4636,115.com
4637,abercrombie.com
4638,mlit.go.jp
4639,shatel.ir
4640,filmitorrent.org
4641,parents.com
4642,prokerala.com
4643,packagetrackr.com
4644,desitvbox.me
4645,asu.edu
4646,cityhouse.cn
4647,mysku.ru
4648,airdroid.com
4649,shareably.net
4650,qiwi.ru
4651,zamunda.net
4652,marieclaire.com
4653,noox.info
4654,imgflip.com
4655,lrytas.lt
4656,texas.gov
4657,warthunder.com
4658,3bmeteo.com
4659,heureka.sk
4660,ulozto.cz
4661,dealwifi.com
4662,gusuwang.com
4663,scamadviser.com
4664,imvu.com
4665,theweek.com
4666,socialsecurity.gov
4667,hdwebtraffic.com
4668,labaq.com
4669,518.com.tw
4670,leroymerlin.ru
4671,filmstarts.de
4672,aircanada.com
4673,pnu.ac.ir
4674,netpnb.com
4675,tripadvisor.ca
4676,groupon.jp
4677,1hhhh.net
4678,gamespark.jp
4679,fifa.com
4680,detmir.ru
4681,intodns.com
4682,bershka.com
4683,ricardo.ch
4684,ruyaanlami.com
4685,tweakers.net
4686,rk.com
4687,jeu.info
4688,soompi.com
4689,cifraclub.com.br
4690,televisa.com
4691,turnitin.com
4692,moe.gov.sa
4693,crutchfield.com
4694,smartsheet.com
4695,thedodo.com
4696,rai.tv
4697,e-travel.com
4698,goindigo.in
4699,ab-in-den-urlaub.de
4700,cpanel.net
4701,roodo.com
4702,trivago.com
4703,huffingtonpost.it
4704,desi-tashan.com
4705,gleam.io
4706,storypick.com
4707,banamex.com
4708,tamindir.com
4709,libertyland.tv
4710,jusbrasil.com.br
4711,dream.co.id
4712,life.tw
4713,hdmovie14.net
4714,thepioneerwoman.com
4715,webdunia.com
4716,society6.com
4717,testberichte.de
4718,amiami.jp
4719,mediamarkt.ru
4720,jappy.de
4721,muyzorras.com
4722,kidstaff.com.ua
4723,800hr.com
4724,fangdd.com
4725,wealthy-millionaires.com
4726,patagonia.com
4727,hotline.ua
4728,biography.com
4729,rastaneko-blog.com
4730,care.com
4731,nbg.gr
4732,aukro.cz
4733,canadapost.ca
4734,tuniu.com
4735,papystreaming.com
4736,aftership.com
4737,rai.it
4738,indianrailways.gov.in
4739,mappy.com
4740,tvzvezda.ru
4741,pekao24.pl
4742,service-public.fr
4743,cinemark.com
4744,computerworld.com
4745,baku.ws
4746,hasbro.com
4747,natemat.pl
4748,hsbc.com
4749,shueisha.co.jp
4750,digit.in
4751,hpconnected.com
4752,statista.com
4753,lacentrale.fr
4754,cleveland.com
4755,diario.mx
4756,macadogru.com.tr
4757,cic.fr
4758,gumroad.com
4759,55haitao.com
4760,clixten.info
4761,rainierland.com
4762,boldsky.com
4763,robokassa.ru
4764,yamaha.com
4765,hattrick.org
4766,secretsdujeu.com
4767,mypc-updater.com
4768,huffingtonpost.fr
4769,yepme.com
4770,anige-sokuhouvip.com
4771,screwfix.com
4772,ancestry.co.uk
4773,teamliquid.net
4774,wdc.com
4775,turkcell.com.tr
4776,sonhoo.com
4777,fontspace.com
4778,awwwards.com
4779,zxart.cn
4780,labnol.org
4781,mirraw.com
4782,hsbc.com.mx
4783,homeshop18.com
4784,typeform.com
4785,jomashop.com
4786,buy123.com.tw
4787,hitta.se
4788,djelfa.info
4789,narvar.com
4790,ed2000.com
4791,inep.gov.br
4792,furusato-tax.jp
4793,myfedloan.org
4794,banorte.com
4795,notebooksbilliger.de
4796,webredirects.com
4797,trovigo.com
4798,google.com.cu
4799,iol.co.za
4800,acrobat.com
4801,lalamao.com
4802,webtretho.com
4803,vivo.com.br
4804,unc.edu
4805,kino-teatr.ru
4806,mhlw.go.jp
4807,banma.com
4808,purepeople.com
4809,re-markit.co
4810,dunyanews.tv
4811,xe365.net
4812,hewitt.com
4813,express-scripts.com
4814,youxixiazai.org
4815,enjin.com
4816,band.us
4817,liberation.fr
4818,m3.com
4819,voanews.com
4820,mywot.com
4821,probiller.com
4822,derstandard.at
4823,mysites123.com
4824,pintu360.com
4825,apsense.com
4826,hebei.com.cn
4827,muuy.info
4828,freemake.com
4829,badabun.net
4830,kataweb.it
4831,collider.com
4832,espn.uol.com.br
4833,xb11766.com
4834,bravotv.com
4835,csod.com
4836,zhcw.com
4837,bnf76d.com
4838,pagesix.com
4839,sweetwater.com
4840,computerbase.de
4841,ubs.com
4842,ovh.net
4843,newpost.gr
4844,delfi.ee
4845,hsoub.com
4846,xlovecam.com
4847,bdjobs.com
4848,livescores.biz
4849,dumpert.nl
4850,americanoverlook.com
4851,shlandscape.com
5088,h2porn.com
5153,knowable.com
5154,linkis.com
5155,glamour.com
5156,freekaamaal.com
5157,quicksprout.com
5158,sirsi.net
5159,odnoklassniki.ru
5160,bittorrent.com
5161,fonearena.com
5162,n4g.com
5163,webtekno.com
5164,correos.es
5165,irishtimes.com
5166,heraldcorp.com
5167,9966.org
5168,pho.to
5169,hdwallpapers.in
5170,impots.gouv.fr
5171,cryptocoiners.net
5172,xinmin.cn
5173,mybrand.tmall.com
5174,songkick.com
5175,gamedog.cn
5176,fanatics.com
5177,glassdoor.co.in
5178,tvtoday.de
5179,kompass.com
5180,singaporeair.com
5181,1001freefonts.com
5182,game.co.uk
5183,camster.com
5184,russia.tv
5185,marvel.com
5186,h65dc.com
5187,dana.ir
5188,biz-journal.jp
5189,qbao.com
5190,bikroy.com
5191,profitboosterapp.com
5192,sanalpazar.com
5193,mgpyh.com
5194,wpolityce.pl
5195,cooks.com
5196,reverbnation.com
5197,wishesquotes.com
5198,mytoys.de
5199,timeweb.ru
5200,rssing.com
5201,tomshw.it
5202,juksy.com
5203,gx1news.com
5204,dn.se
5205,thumbzilla.com
5206,badwap.mobi
5207,northwestern.edu
5208,medindia.net
5209,forumhouse.ru
5210,comediansincarsgettingcoffee.com
5211,liverpool.com.mx
5212,game2.com.cn
5213,afkarnews.ir
5214,livechatinc.com
5215,publico.es
5216,tinyz2.co
5217,horoscope.com
5218,steamgifts.com
5219,paychex.com
5220,infox.sg
5221,admitad.com
5222,viralboom.com
5223,wordstream.com
5224,fontsquirrel.com
5225,ah.nl
5226,fundsxpress.com
5227,transrush.com
5228,code.org
5229,tamu.edu
5230,ngoisao.net
5231,nuevoloquo.com
5232,leguide.com
5233,nickjr.com
5234,eurobank.gr
5235,qqnz.com
5236,epost.go.kr
5237,etihad.com
5238,5114.cn
5239,tnews.ir
5240,journaldunet.com
5241,flipora.com
5242,99.com.cn
5243,021lh.net
5244,windowsphone.com
5245,france24.com
5246,aramame.net
5247,groupon.co.in
5248,beforeitsnews.com
5249,extraimago.com
5250,huffingtonpost.in
5251,google.co.ke
5252,skidrowreloaded.com
5253,uspto.gov
5254,unieuro.it
5255,castorama.fr
5256,sensacine.com
5257,52down.com
5258,mlsmatrix.com
5259,nesine.com
5260,manhunt.net
5261,timesofindia.com
5262,6vhao.com
5263,watchseries-online.li
5264,cocacola.co.jp
5265,anonymz.com
5266,trackvoluum.com
5267,tgju.org
5268,designmantic.com
5269,hankooki.com
5270,tokyo-sports.co.jp
5271,bellanaija.com
5272,ebcbuzz.com
5273,uline.com
5274,xmovies8.tv
5275,forbes.ru
5276,ca800.com
5277,eatingwell.com
5278,listverse.com
5279,weather.gc.ca
5280,qihoo.com
5281,2dbook.com
5282,almaghribtoday.net
5283,bunte.de
5284,tn.com.ar
5285,youngliving.com
5286,fullprogramlarindir.com
5287,51gxqm.com
5288,videoweed.es
5289,oldnavy.com
5290,onlainfilm.ucoz.ua
5291,keeplinks.eu
5292,cumlouder.com
5293,g9.co.kr
5294,stltoday.com
5295,indgovtjobs.in
5296,tfl.gov.uk
5297,aftenposten.no
5298,liftable.com
5299,cn163.net
5300,osu.edu
5301,dramaq.com.tw
5302,battlenet.com.cn
5303,intercambiosvirtuales.org
5304,alaham.org
5305,snagajob.com
5306,rj.gov.br
5307,oceanofgames.com
5308,usuncut.com
5309,lordandtaylor.com
5310,jpn.org
5311,jp.net
5312,stargames.com
5313,hkwb.net
5314,bitdefender.com
5315,buzzhand.com
5316,vkmag.com
5317,lent.az
5318,jumia.ci
5319,wed114.cn
5320,bluedart.com
5321,hola.org
5322,flvto.biz
5323,nullrefer.com
5324,namnak.com
5325,viamichelin.fr
5326,louisvuitton.com
5327,becu.org
5328,denizhaber.com.tr
5329,tvp.pl
5330,manyvids.com
5331,pcwelt.de
5332,networksolutions.com
5333,bookoffonline.co.jp
5334,lichess.org
5335,web-hosting.com
5336,eurogamer.net
5337,rajasthan.gov.in
5338,pcmfw.com
5339,youwatch.org
5340,ingdan.com
5341,krone.at
5342,gaadi.com
5343,segmentfault.com
5344,hurriyetemlak.com
5345,qqt38.com
5346,jumia.com.eg
5347,alarabyanews.com
5348,2ememain.be
5349,laloterianavidad.com
5350,hostelworld.com
5351,o2tvseries.com
5352,overclock.net
5353,silkroad.com
5354,daliulian.net
5355,fullhd720pizle.com
5356,nodejs.org
5357,securecode.com
5358,clicktripz.com
5359,auchan.fr
5360,which.co.uk
5361,ktrmr.com
5362,lesechos.fr
5363,7pud.com
5364,mycanal.fr
5365,atv.com.tr
5366,sleazyneasy.com
5367,warau.jp
5368,pullandbear.com
5369,dreammail.jp
5370,21-sun.com
5371,ustraveldocs.com
5372,tirerack.com
5373,6play.fr
5374,acesse.com
5375,startsiden.no
5376,000webhost.com
5377,gingersoftware.com
5378,indiegala.com
5379,newrelic.com
5380,adyen.com
5381,shopandship.com
5382,stafaband.co
5383,southernliving.com
5384,lefrecce.it
5385,systemrequirementslab.com
5386,modernweekly.com
5387,juntadeandalucia.es
5388,tamilgun.com
5389,huffingtonpost.de
5390,thinkworld.com.cn
5391,3movs.com
5392,wwwpromoter.com
5393,massdrop.com
5394,dzwww.com
5395,redbookmag.com
5396,arxiv.org
5397,inboxdollars.com
5398,bola.com
5399,babyou.com
5400,abcya.com
5401,ahaber.com.tr
5402,gohappy.com.tw
5403,dmhy.org
5404,urban-rivals.com
5405,lifemedia.jp
5406,93959.com
5407,heroquizz.com
5408,56.com
5409,ule.com
5410,ib-game.jp
5411,key.com
5412,fastmail.com
5413,lianjia.com
5414,youxiduo.com
5415,gamingwonderland.com
5416,afreeca.com
5417,ard.de
5418,playit.pk
5419,hypebeast.com
5420,nieuwsblad.be
5421,1ting.com
5422,alternet.org
5423,baykoreans.net
5424,thelogicalindian.com
5425,cineplex.com
5426,vedomosti.ru
5427,wehkamp.nl
5428,adfoc.us
5429,17house.com
5430,vzw.com
5431,mrrebates.com
5432,elog-ch.com
5433,toggl.com
5434,seamless.com
5435,marieclaire.com.tw
5436,sparkasse.at
5437,text.ru
5438,kanasoku.info
5439,digitalspy.com
5440,pciconcursos.com.br
5441,cncmax.cn
5442,cruisecritic.com
5443,trenitalia.com
5444,insppartner.com
5445,afpbb.com
5446,vecteezy.com
5447,tufeed.com
5448,wanelo.com
5449,freebitco.in
5450,800notes.com
5451,captainquizz.com
5452,cctv.com
5453,tehnosila.ru
5454,vevo.com
5455,movietickets.com
5456,i-doxs.net
5457,lexilogos.com
5458,cncv.org.cn
5459,yourlust.com
5460,flexmls.com
5461,mazika2day.com
5462,hnzxyy.com
5463,apne.tv
5464,e-monsite.com
5465,alef.ir
5466,offers.com
5467,mercurynews.com
5468,voegol.com.br
5469,damage0.com
5470,kaidee.com
5471,holidayiq.com
5472,dodocook.com
5473,hc360.com
5474,royalcaribbean.com
5475,ourtime.com
5476,techcloudtrk.com
5477,redlink.com.ar
5478,avangate.com
5479,proprofs.com
5480,rns.online
5481,myvideo.de
5482,rare.us
5483,worldoftanks.com
5484,tsu.co
5485,jqueryrain.com
5486,almesryoon.com
5487,digitalplayground.com
5488,timesofmalta.com
5489,topratedviral.com
5490,motor-talk.de
5491,okanime.com
5492,realself.com
5493,jqueryscript.net
5494,bu.edu
5495,gymboree.com
5496,market-buster.com
5497,eurosport.ru
5498,lineq.jp
5499,wallpaperscraft.com
5500,showup.tv
5501,zoom.us
5502,tsetmc.com
5503,news-postseven.com
5504,tradingview.com
5505,get-a-fuck-tonight.com
5506,spectranet.com.ng
5507,dslreports.com
5508,tkec.com.tw
5509,buzzonclick.com
5510,championselect.net
5511,retre.org
5512,mapnews.com
5513,centos.org
5514,dinodirect.com
5515,careers360.com
5516,ndr.de
5517,carrefour.es
5518,silvergames.com
5519,streaming-unlimited.com
5520,vecernji.hr
5521,ttnet.com.tr
5522,537.com
5523,nrttv.com
5524,ads.id
5525,animeid.tv
5526,acs.org
5527,paddypower.com
5528,123movies.to
5529,alrajhibank.com.sa
5530,halifax.co.uk
5531,plejada.pl
5532,tv2.dk
5533,mytatasky.com
5534,mangatown.com
5535,symplicity.com
5536,lolgalleryinfatuation.me
5537,barstoolsports.com
5538,oyunskor.com
5539,filmon-market.com
5540,yapo.cl
5541,myorderbox.com
5542,seemorgh.com
5543,fingerhut.com
5544,haber61.net
5545,socialmediaexaminer.com
5546,gunosy.com
5547,nationalrail.co.uk
5548,d1com.com
5549,eazel.com
5550,qld.gov.au
5551,p-world.co.jp
5552,61baobao.com
5553,tcs.com
5554,deloitte.com
5555,skladchik.com
5556,postimees.ee
5557,oreilly.com
5558,nerdist.com
5559,ladepeche.fr
5560,warez-bb.org
5561,cntraveler.com
5562,segodnya.ua
5563,themuse.com
5564,taxi-money.net
5565,cashkaro.com
5566,top-arama.com
5567,tokyo-tube.com
5568,jobstreet.co.id
5569,entertainmentcrave.com
5570,poshmark.com
5571,olke.az
5572,almogaz.com
5573,izvestia.ru
5574,vg247.com
5575,11467.com
5576,inosmi.ru
5577,space.com
5578,palikan.com
5579,pomponik.pl
5580,pjmedia.com
5581,38522.com
5582,utah.edu
5583,ti.com
5584,ytbbs.com
5585,mobikwik.com
5586,inazumanews2.com
5587,yaske.cc
5588,ontvtime.ru
5589,wow-impulse.net
5590,softcoin.com
5591,uzone.id
5592,cams.com
5593,xici.net
5594,viralnovas.com
5595,contra.gr
5596,archdaily.com
5597,elheddaf.com
5598,mtb.com
5599,ecplaza.net
5600,casadellibro.com
5601,bisnis.com
5602,pia.jp
5603,askmefast.com
5604,justhost.com
5605,orange.es
5606,tdameritrade.com
5607,vodafone.co.uk
5608,paixie.net
5609,noradsanta.org
5610,babble.com
5611,yahoo-help.jp
5612,russianfood.com
5613,jtb.co.jp
5614,git-scm.com
5615,digitalpoint.com
5616,allstate.com
5617,carsales.com.au
5618,windguru.cz
5619,svoboda.org
5620,comcast.com
5621,utoronto.ca
5622,segou456.info
5623,comicvine.com
5624,pussyspace.com
5625,thewrap.com
5626,istgah.com
5627,thumbtack.com
5628,seositecheckup.com
5629,keng94.com
5630,naturalnews.com
5631,linktech.cn
5632,lolesports.com
5633,sherdog.com
5634,giveawayoftheday.com
5635,daydays.com
5636,universal.org
5637,medhelp.org
5638,trends.com.cn
5639,zhicom.cn
5640,punjabkesari.in
5641,abof.com
5642,mail.uol.com.br
5643,cps.com.cn
5644,tolexo.com
5645,imujer.com
5646,glosbe.com
5647,webaslan.com
5648,buienradar.nl
5649,online-life.cc
5650,hangseng.com
5651,yurticikargo.com
5652,domofond.ru
5653,efu.com.cn
5654,nicekicks.com
5655,cloudy.ec
5656,gbf-wiki.com
5657,elkhabar.com
5658,bncollege.com
5659,womai.com
5660,blogcu.com
5661,medallia.com
5662,simplesite.com
5663,snapchat.com
5664,foodoptics.com
5665,dietnavi.com
5666,mom.me
5667,lavozdegalicia.es
5668,tmdn2015x9.com
5669,news247.info
5670,alpari.ru
5671,meetme.com
5672,alsbbora.com
5673,photofans.cn
5674,rtl.de
5675,cardinalcommerce.com
5676,xyu.tv
5677,townhall.com
5678,wholefoodsmarket.com
5679,golfdigest.co.jp
5680,yaplog.jp
5681,chewy.com
5682,melonbooks.co.jp
5683,viooz.ac
5684,seosprint.net
5685,manchestereveningnews.co.uk
5686,gomaji.com
5687,gamestorrents.com
5688,bnpparibasfortis.be
5689,kdslife.com
5690,net.hr
5691,quoka.de
5692,420wap.com
5693,virginia.gov
5694,arabseed.com
5695,niezalezna.pl
5696,rockpapershotgun.com
5697,smarterpassword.com
5698,cooltext.com
5699,milenio.com
5700,mca.gov.in
5701,eurostreaming.tv
5702,ncsecu.org
5703,sedo.com
5704,windowsazure.com
5705,koimoi.com
5706,tiancity.com
5707,plaisio.gr
5708,gamei10.com
5709,poki.com
5710,buzzborn.com
5711,tvbok.com
5712,desk.com
5713,bangbros.com
5714,meteociel.fr
5715,eurosport.com
5716,socialblade.com
5717,mitele.es
5718,dip.jp
5719,rajnikantvscidjokes.in
5720,fj-n-tax.gov.cn
5721,thebadside.com
5722,maturealbum.com
5723,markafoni.com
5724,pornoxo.com
5725,topcashback.co.uk
5726,j.gs
5727,maxdome.de
5728,alot.com
5729,lyst.com
5730,95516.com
5731,0aac4e6a54c170b0.se
5732,mtv.fi
5733,corrieredellosport.it
5734,paraloscuriosos.com
5735,gongchang.cn
5736,artstation.com
5737,bet-at-home.com
5738,kinguin.net
5739,symbaloo.com
5740,dresslily.com
5741,yoast.com
5742,loxblog.com
5743,provinet.net
5744,freegame4s.com
5745,hinkhoj.com
5746,elo7.com.br
5747,uscourts.gov
5748,mywapblog.com
5749,shape.com
5750,media-fire.org
5751,scrapee.net
5752,aviasales.ru
5753,coolsocialsearch.com
5754,warpex.com
5755,iguang.tw
5756,fnac.es
5757,technews.tw
5758,strawpoll.me
5759,leonardo.it
5760,desidime.com
5761,mushusei.io
5762,powerschool.com
5763,genial.guru
5764,channelnewsasia.com
5765,ceskatelevize.cz
5766,jobkorea.co.kr
5767,firefoxchina.cn
5768,norwegian.com
5769,arte.tv
5770,catracalivre.com.br
5771,clickpoint.com
5772,colorlib.com
5773,pushbullet.com
5774,prisjakt.nu
5775,parse.com
5776,libreoffice.org
5777,ibicn.com
5778,filefactory.com
5779,exclusiveprize.xyz
5780,hayneedle.com
5781,ebags.com
5782,dishnetwork.com
5783,movieweb.com
5784,verywed.com
5785,sbazar.cz
5786,livefilestore.com
5787,birchbox.com
5788,pmu.fr
5789,astrosage.com
5790,ebay.at
5791,sde.co.ke
5792,disneylatino.com
5793,els-cdn.com
5794,meizu.com
5795,despegar.com.ar
5796,itslearning.com
5797,publitas.com
5798,kapaza.be
5799,lifedaily.com
5800,ichangego.net
5801,exacttarget.com
5802,yuku.com
5803,redmondpie.com
5804,cbar.az
5805,erail.in
5806,secretchina.com
5807,torrentino.com
5808,globalnews.ca
5809,kinoman.tv
5810,javfor.me
5811,extremetech.com
5812,seo-fast.ru
5813,dnevnik.hr
5814,mongodb.org
5815,slon.ru
5816,matome-plus.com
5817,wholecloud.net
5818,lotte.com
5819,wechat.com
5820,sigmalive.com
5821,readmanga.me
5822,oyeting.com
5823,lapresse.ca
5824,gaiaonline.com
5825,vikiporn.com
5826,jotform.com
5827,avery.com
5828,stc.com.sa
5829,nikkan-gendai.com
5830,elsiglodetorreon.com.mx
5831,chip.com.tr
5832,sensedigital.in
5833,tdcanadatrust.com
5834,aawsat.com
5835,grainger.com
5836,centerblog.net
5837,ponpare.jp
5838,dl-zip.com
5839,xiaomi.cn
5840,duhthoughts.com
5841,foozine.com
5842,xiaoshuo520.com
5843,mymp3song.com
5844,dealdey.com
5845,akibablog.net
5846,junglee.com
5847,eprize.com
5848,purewow.com
5849,mgstage.com
5850,getpaid.social
5851,play.pl
5852,yzforex.com
5853,jmys168.com
5854,tjx.com
5855,visa.com
5856,stylebistro.com
5857,nix.ru
5858,ethz.ch
5859,scambioetico.org
5860,boardingarea.com
5861,abaenglish.com
5862,excelsior.com.mx
5863,totaljobs.com
5864,mg.gov.br
5865,gh0089.com
5866,netzwelt.de
5867,army.mil
5868,kiwilimon.com
5869,33lc.com
5870,pcbaby.com.cn
5871,rs-online.com
5872,onlinetrade.ru
5873,thiruttuvcd.me
5874,nukistream.com
5875,funda.nl
5876,bibsonomy.org
5877,776la.com
5878,vivastreet.com
5879,akhbarona.com
5880,thomson.co.uk
5881,siilu.com
5882,dvdvideosoft.com
5883,mataharimall.com
5884,jiyoujia.com
5885,nic.ru
5886,wareable.com
5887,kiabi.com
5888,unsplash.com
5889,active.com
5890,cnnindonesia.com
5891,handycafe.com
5892,123telugu.com
5893,gungho.jp
5894,eiga.com
5895,androidforums.com
5896,burberry.com
5897,iranestekhdam.ir
5898,jc001.cn
5899,taisha.org
5900,greenmangaming.com
5901,thetrainline.com
5902,filenuke.com
5903,chaduo.com
5904,zhong5.cn
5905,gamebomb.ru
5906,zealer.com
5907,metoffice.gov.uk
5908,polar.com
5909,dreamhost.com
5910,everydayhealth.com.tw
5911,bola.net
5912,game-debate.com
5913,softonic.it
5914,soundhouse.co.jp
5915,metronews.fr
5916,radikal.ru
5917,grid.mk
5918,thegameraccess.com
5919,rudaw.net
5920,51saier.cn
5921,99inf.com
5922,sexu.com
5923,applyyourself.com
5924,safaribooksonline.com
5925,donnaplay.com
5926,k12.ca.us
5927,uszcn.com
5928,loc.gov
5929,yan.vn
5930,neowin.net
5931,kanqite.com
5932,businessofcinema.com
5933,batepapo.uol.com.br
5934,incredibar.com
5935,vocabulary.com
5936,imsforex.com
5937,logme.in
5938,meowshare.com
5939,wugu.com.cn
5940,appnexus.com
5941,tatts.com
5942,koubei.com
5943,yad2.co.il
5944,gettraff.com
5945,pipedrive.com
5946,swarovski.com
5947,standard.co.uk
5948,onecall2ch.com
5949,overthumbs.com
5950,newser.cc
5951,aeroflot.ru
5952,intouchweekly.com
5953,cliphunter.com
5954,77shu.com
5955,wrike.com
5956,politikus.ru
5957,sdna.gr
5958,sabaharabi.com
5959,bezaat.com
5960,ewirn45.com
5961,chevrolet.com
5962,nicozon.net
5963,patient.info
5964,minkch.com
5965,probuilds.net
5966,huatu.com
5967,etsystatic.com
5968,mercadolibre.cl
5969,songtexte.com
5970,fl.ru
5971,blablacar.fr
5972,ie57.com
5973,carid.com
5974,loopnet.com
5975,google.sn
5976,thestar.com.my
5977,copy.com
5978,pr.gov.br
5979,rogers.com
5980,aemet.es
5981,tixuz.com
5982,familyclix.com
5983,7-hotel.com
5984,consequenceofsound.net
5985,ssl-images-amazon.com
5986,lexiadz.com
5987,cjmall.com
5988,interpals.net
5989,flightrising.com
5990,samvaulter.com
5991,wikitravel.org
5992,coches.net
5993,harvestapp.com
5994,head-fi.org
5995,shafaqna.com
5996,onlainporno.tv
5997,atlas.sk
5998,24ur.com
5999,movie25.hk
6000,sunfrog.com
6001,bizpacreview.com
6002,eonet.jp
6003,altyazi.org
6004,ilacrehberi.com
6005,souqiantu.com
6006,androidfilehost.com
6007,hip2save.com
6008,51credit.com
6009,thegaw.net
6010,sharp.co.jp
6011,entertainment-factory.com
6012,redbull.com
6013,joyreactor.cc
6014,e-chords.com
6015,newsvine.com
6016,tineye.com
6017,at160.com
6018,gogetlinks.net
6019,padlet.com
6020,gardenweb.com
6021,reliancebroadband.co.in
6022,winzip.com
6023,flashback.org
6024,thaivisa.com
6025,state.nj.us
6026,steamcn.com
6027,dailyfeed.co.uk
6028,demae-can.com
6029,ip138.com
6030,pge.com
6031,24.hu
6032,uc.cn
6033,webtoons.com
6034,novaposhta.ua
6035,webinarjam.net
6036,tocana.jp
6037,ofertaz.net
6038,sec.gov
6039,enamad.ir
6040,kia.com
6041,self.com
6042,xvideosnavi.mobi
6043,zapier.com
6044,veoh.com
6045,convio.net
6046,nhac.vn
6047,staples.ca
6048,iol.pt
6049,gravity.com
6050,google.com.cy
6051,1nimo.com
6052,telenet.be
6053,spielaffe.de
6054,jhu.edu
6055,google.com.om
6056,porn5.com
6057,watch32.is
6058,pinggu.org
6059,virtualbox.org
6060,geni.com
6061,launchpad.net
6062,searchenginejournal.com
6063,powvideo.net
6064,ipaddress.com
6065,lachainemeteo.com
6066,keywordtool.io
6067,benesse.ne.jp
6068,wankerlab.com
6069,edline.net
6070,hesport.com
6071,denverpost.com
6072,cpubenchmark.net
6073,egloos.com
6074,shorouknews.com
6075,naftemporiki.gr
6076,ifilez.org
6077,fox.com
6078,adult-empire.com
6079,4travel.jp
6080,blogspot.hu
6081,popsci.com
6082,shoebuy.com
6083,lenskart.com
6084,manga-enquete.com
6085,ero-kawa.com
6086,tech-wd.com
6087,biblestudytools.com
6088,spicejet.com
6089,rte.ie
6090,seatguru.com
6091,htcmania.com
6092,cra-arc.gc.ca
6093,techbargains.com
6094,americangreetings.com
6095,wind.it
6096,qianxs.com
6097,ohmynews.com
6098,enikos.gr
6099,trendin.com
6100,dramaonline.com
6101,nudevista.tv
6102,canalplus.fr
6103,docker.com
6104,shopping-now.jp
6105,unblockme.co
6106,sondakika.com
6107,stradivarius.com
6108,gboxapp.com
6109,tvzil.com
6110,hostmonster.com
6111,gameskinny.com
6112,recode.net
6113,cheshen.cn
6114,tsn.ua
6115,180wan.com
6116,dumedia.ru
6117,gasengi.com
6118,wtfast.com
6119,meijer.com
6120,ishangman.com
6121,sohao123.com
6122,dhlglobalmail.com
6123,collegeconfidential.com
6124,enfemenino.com
6125,fineartamerica.com
6126,panerabread.com
6127,classiccars.com
6128,behindwoods.com
6129,onpato.ru
6130,fda.gov
6131,report.az
6132,lolskill.net
6133,dapenti.com
6134,dfiles.ru
6135,etoro.com
6136,stream2watch.co
6137,santander.com.mx
6138,iseeclan.com
6139,megafilmesonline.net
6140,watchseries.lt
6141,fao.org
6142,baur.de
6143,worktile.com
6144,mrskin.com
6145,ihotelier.com
6146,ymobile.jp
6147,bni.co.id
6148,8drama.com
6149,thenorthface.com
6150,s3.com.tw
6151,zurb.com
6152,bigstockphoto.com
6153,alayam24.com
6154,9news.com.au
6155,9384.com
6156,dephp.com
6157,uptodate.com
6158,handelsblatt.com
6159,coach.com
6160,blog.163.com
6161,hawamer.com
6162,0101.co.jp
6163,linguee.com
6164,batanga.com
6165,risingbd.com
6166,aftabir.com
6167,aldi-sued.de
6168,softonic.com.br
6169,bancodevenezuela.com
6170,qtrax.com
6171,vivino.com
6172,hi-pda.com
6173,osdn.jp
6174,guru.com
6175,costcophotocenter.com
6176,adblockplus.org
6177,kakprosto.ru
6178,askul.co.jp
6179,telmex.com
6180,casa.it
6181,pv-ip.com
6182,tuttomercatoweb.com
6183,techtunes.com.bd
6184,myus.com
6185,mylovewebs.com
6186,post-survey.com
6187,17life.com
6188,nchsoftware.com
6189,advfn.com
6190,theanimalrescuesite.com
6191,tadawul.com.sa
6192,jpost.com
6193,bt.dk
6194,admin5.com
6195,upi.com
6196,sportpesa.com
6197,beyazperde.com
6198,dena-ec.com
6199,interswitchng.com
6200,clips4sale.com
6201,add-anime.net
6202,newser.com
6203,nissan.co.jp
6204,laravel.com
6205,oprah.com
6206,ioffer.com
6207,media.wix.com
6208,whattoexpect.com
6209,dogpile.com
6210,huxiu.com
6211,virginia.edu
6212,mcssl.com
6213,cy-pr.com
6214,beslist.nl
6215,ncsu.edu
6216,trovit.com
6217,linuxquestions.org
6218,elmawke3.com
6219,onenote.com
6220,famousbirthdays.com
6221,qdmama.net
6222,stepstone.de
6223,gry-online.pl
6224,aladin.co.kr
6225,torrentreactor.com
6226,ganool.ag
6227,elvenar.com
6228,jqueryui.com
6229,politicususa.com
6230,safesidetab.com
6231,rubigame.com
6232,timeslive.co.za
6233,thisoldhouse.com
6234,gonzoxxxmovies.com
6235,eprice.it
6236,videochart.net
6237,crpsro.com
6238,mygreatlakes.org
6239,packtpub.com
6240,paheal.net
6241,altadefinizione01.click
6242,zalando.pl
6243,markt.de
6244,port.hu
6245,neu6.edu.cn
6246,monoprice.com
6247,87087.com
6248,pingomatic.com
6249,hdmoviespoint.com
6250,revdepo.com
6251,francetv.fr
6252,animefreak.tv
6253,zynga.com
6254,prwidgets.com
6255,climatempo.com.br
6256,chobirich.com
6257,mercadopago.com
6258,canalporno.com
6259,up.nic.in
6260,82cook.com
6261,librus.pl
6262,larepublica.pe
6263,yieldtraffic.com
6264,sling.com
6265,a-static.com
6266,peru.com
6267,zztianmei.com
6268,ideel.com
6269,merrjep.com
6270,skyscanner.ru
6271,artofmanliness.com
6272,webmasterplan.com
6273,neonan.com
6274,designscrazed.org
6275,michaelkors.com
6276,dzsc.com
6277,71.net
6278,masutabe.info
6279,kurir.mk
6280,yelp.ca
6281,slaati.com
6282,armagedomfilmes.biz
6283,reliancenetconnect.co.in
6284,bankifsccode.com
6285,payline.ir
6286,cloudscar.com
6287,weddingwire.com
6288,2mnd56.com
6289,pcworld.co.uk
6290,uci.edu
6291,hackforums.net
6292,elevrus.com
6293,kathimerini.gr
6294,anidub.com
6295,qdmm.com
6296,w3layouts.com
6297,paginasamarillas.com.co
6298,cwan.com
6299,flypgs.com
6300,deutschepost.de
6301,anntaylor.com
6302,nextag.com
6303,xvideosmtm.com
6304,movie2free.com
6305,scroll.in
6306,doostiha.ir
6307,ufc.com
6308,opensky.com
6309,zuanke8.com
6310,woobox.com
6311,smartisan.com
6312,sjtu.edu.cn
6313,dev-point.com
6314,kupujemprodajem.com
6315,techpowerup.com
6316,xiazaiba.com
6317,mturk.com
6318,ohio.gov
6319,serebii.net
6320,stirileprotv.ro
6321,pravda.sk
6322,c118c.cn
6323,uidai.net.in
6324,empik.com
6325,liontravel.com
6326,mandrillapp.com
6327,leclercdrive.fr
6328,d-upp.com
6329,wral.com
6330,rp-online.de
6331,5pao.com
6332,bigcommerce.com
6333,twc.com
6334,wankoz.com
6335,ionicframework.com
6336,mywebsearch.com
6337,schoolloop.com
6338,powershow.com
6339,i4455.com
6340,public.gr
6341,light-dark.net
6342,besoccer.com
6343,homebase.co.uk
6344,hpe.com
6345,appcrawlr.com
6346,zocdoc.com
6347,orientaltrading.com
6348,seventeen.com
6349,indiafreestuff.in
6350,madmimi.com
6351,aliorbank.pl
6352,bolshoyvopros.ru
6353,bunshun.jp
6354,ecwid.com
6355,ladduz.in
6356,ricardoeletro.com.br
6357,istartpageing.com
6358,iranjib.ir
6359,satu.kz
6360,authoritynutrition.com
6361,kkbobo.com
6362,ziggo.nl
6363,intercom.io
6364,uncommongoods.com
6365,simplesfile.com
6366,tuttosport.com
6367,tsukumo.co.jp
6368,dizimag.co
6369,dota2lounge.com
6370,iktmmny.com
6371,biglots.com
6372,pornbb.org
6373,shejis.com
6374,esprit.de
6375,qinbei.com
6376,gatech.edu
6377,mathsisfun.com
6378,fromfriendswithlove.com
6379,fontanka.ru
6380,google.co.cr
6381,maisonsdumonde.com
6382,identi.li
6383,nitori-net.jp
6384,pagseguro.uol.com.br
6385,roadandtrack.com
6386,mylust.com
6387,hatelabo.jp
6388,tp-link.com
6389,liberoquotidiano.it
6390,groupon.fr
6391,cesweb.org
6392,cvent.com
6393,largehdtube.com
6394,pasion.com
6395,modelmayhem.com
6396,xmlheads.com
6397,macmillandictionary.com
6398,caloriecount.com
6399,storenvy.com
6400,airtelforum.com
6401,wmmail.ru
6402,tommy.com
6403,linkshop.com.cn
6404,authorstream.com
6405,arizona.edu
6406,zhulang.com
6407,wplocker.com
6408,xiachufang.com
6409,cafebazaar.ir
6410,takuhai.jp
6411,tuicool.com
6412,fantasypros.com
6413,51bi.com
6414,uberhavoc.com
6415,superanimes.com
6416,backlinkwatch.com
6417,mediaite.com
6418,christianbook.com
6419,elbilad.net
6420,experiandirect.com
6421,16mb.com
6422,india-forums.com
6423,thenationonlineng.net
6424,sciencemag.org
6425,apartmentguide.com
6426,gamecity.ne.jp
6427,fodors.com
6428,ccidcom.com
6429,dailypost.ng
6430,elecom.co.jp
6431,duba.net
6432,familyhandyman.com
6433,sh0rt.site
6434,hastidownload.net
6435,netdna-ssl.com
6436,rvfrm2006.com
6437,etnews.com
6438,pozdravok.ru
6439,bbspink.com
6440,freepeople.com
6441,khmerload.com
6442,disp.cc
6443,songsmp3.com
6444,golem.de
6445,angelfire.com
6446,onlineaccess1.com
6447,btc-e.com
6448,wdr.de
6449,yourfilezone.com
6450,infoq.com
6451,digikey.com
6452,cybozu.com
6453,wrapbootstrap.com
6454,webike.net
6455,2ip.ru
6456,classifiedads.com
6457,donmai.us
6458,roboform.com
6459,tcafeby.com
6460,mid-day.com
6461,bitrix24.ru
6462,920gg.com
6463,eplus.jp
6464,indonesia-community.net
6465,nestle.jp
6466,nme.com
6467,cam.ac.uk
6468,phys.org
6469,groupme.com
6470,scene7.com
6471,tradobet.com
6472,podio.com
6473,cqsq.com
6474,o2.co.uk
6475,pocket-lint.com
6476,clickme.net
6477,kproxy.com
6478,lovetoknow.com
6479,bet365.gr
6480,mery.jp
6481,hitleap.com
6482,elektroda.pl
6483,treccani.it
6484,pracuj.pl
6485,potora.jp
6486,tamilyogi.tv
6487,businesswire.com
6488,citycrypto.com
6489,topcashback.com
6490,mps.it
6491,cybozulive.com
6492,regmovies.com
6493,urbanladder.com
6494,goldesel.to
6495,jeux.fr
6496,priyo.com
6497,expedia.co.uk
6498,bangkokbank.com
6499,ringcentral.com
6500,online-instagram.com
6501,technobuffalo.com
6502,pastemagazine.com
6503,ibps.in
6504,saksoff5th.com
6505,fluey.com
6506,dunzo.net
6507,support.wordpress.com
6508,mercadolibre.com.pe
6509,bundlestars.com
6510,leadzu.com
6511,join.me
6512,buyhatke.com
6513,pornjam.com
6514,veikkaus.fi
6515,t24.com.tr
6516,zigwheels.com
6517,admob.com
6518,docer.com
6519,n24.de
6520,e621.net
6521,insomnia.gr
6522,ut.ac.ir
6523,cheaperthandirt.com
6524,macupdate.com
6525,uplea.com
6526,2ch-2.net
6527,anxin.com
6528,lyricsfreak.com
6529,netvasco.com.br
6530,riverisland.com
6531,qgqm.net.cn
6532,tooxclusive.com
6533,dgtle.com
6534,javatpoint.com
6535,newmobilelife.com
6536,400zg.com
6537,cool3c.com
6538,raise.com
6539,desiserials.tv
6540,metric-conversions.org
6541,hs.fi
6542,dba.dk
6543,tryboobs.com
6544,11street.my
6545,forex.com.cn
6546,beautyexchange.com.hk
6547,astrology.com
6548,dha.com.tr
6549,kasikornbankgroup.com
6550,christianpost.com
6551,loldytt.com
6552,serialssolutions.com
6553,linuxmint.com
6554,hwupgrade.it
6555,sportingnews.com
6556,adsmarket.com
6557,lyricsmint.com
6558,practo.com
6559,allmodern.com
6560,usagc.org
6561,365jz.info
6562,elotrolado.net
6563,gsp.ro
6564,amadeus.net
6565,espeedcheck.com
6566,socialbakers.com
6567,orange.co.uk
6568,pleer.ru
6569,jobs.net
6570,go300.com
6571,saymails.com
6572,petmd.com
6573,freesoft-100.com
6574,hipchat.com
6575,microsofttranslator.com
6576,ldlc.com
6577,equifax.com
6578,unb.br
6579,nova.cz
6580,endclothing.com
6581,cpuboss.com
6582,pdfonline.com
6583,urssaf.fr
6584,veritenews.com
6585,seoul.co.kr
6586,fossbytes.com
6587,nintendo.net
6588,tenpay.com
6589,motika.com.mk
6590,relianceada.com
6591,filezilla-project.org
6592,cnnewmusic.com
6593,discordapp.com
6594,sarkariresult.com
6595,xe.gr
6596,aguo.com
6597,hirunews.lk
6598,nzw.cn
6599,ubc.ca
6600,ebay.com.hk
6601,jr-odekake.net
6602,fastweb.it
6603,pakwheels.com
6604,topuniversities.com
6605,bo300.com
6606,allsingaporestuff.com
6607,search.ch
6608,nabble.com
6609,popkade.ir
6610,coocan.jp
6611,citehr.com
6612,znanija.com
6613,vend-o.com
6614,google.tt
6615,linio.com.co
6616,mmajunkie.com
6617,celebritynetworth.com
6618,befunky.com
6619,vivareal.com.br
6620,6783.com
6621,pcfinancial.ca
6622,720pizle.com
6623,exlibrisgroup.com
6624,sogi.com.tw
6625,naszemiasto.pl
6626,decipherinc.com
6627,cashstar.com
6628,futura-sciences.com
6629,shaw.ca
6630,surrenderat20.net
6631,hotpads.com
6632,misionesonline.net
6633,mag2.com
6634,shazam.com
6635,taker.im
6636,cutezee.com
6637,hasznaltauto.hu
6638,antena3.com
6639,aib.ie
6640,olx.ba
6641,t66y.com
6642,aeropostale.com
6643,hellopower.cn
6644,eqxiu.com
6645,cultofmac.com
6646,torrent-anime.com
6647,ekitan.com
6648,wyborcza.biz
6649,222nf.com
6650,kitschycuisine.com
6651,bunnings.com.au
6652,fermasosedi.ru
6653,jbhifi.com.au
6654,stayfriends.de
6655,timesofisrael.com
6656,arting365.com
6657,freeimages.com
6658,sunat.gob.pe
6659,jossandmain.com
6660,talabat.com
6661,glopart.ru
6662,selfridges.com
6663,autorambler.ru
6664,addic7ed.com
6665,azure.com
6666,majorgeeks.com
6667,bookbub.com
6668,adoptapet.com
6669,topfo.com
6670,unionbankonline.co.in
6671,iprima.cz
6672,eq28.cn
6673,98ia.com
6674,febrayer.com
6675,ncix.com
6676,coolkora.com
6677,makeshop.jp
6678,go2000.cn
6679,barkpost.com
6680,rtl.fr
6681,calameo.com
6682,techinasia.com
6683,eleman.net
6684,ge.com
6685,nii.ac.jp
6686,khaosod.co.th
6687,nsdl.com
6688,alphaporno.com
6689,clickindia.com
6690,mmloo.com
6691,adsmena.com
6692,charter97.org
6693,jagonews24.com
6694,qqyxwg.com
6695,liqu.com
6696,unwire.hk
6697,eadaily.com
6698,helpscout.net
6699,mmafighting.com
6700,porsche.com
6701,yell.com
6702,nomura.co.jp
6703,infoworld.com
6704,3suisses.fr
6705,avm.de
6706,state.fl.us
6707,w3snoop.com
6708,berliner-sparkasse.de
6709,kumapon.jp
6710,hypestat.com
6711,navi-gaming.com
6712,live-smi.ru
6713,translated.net
6714,vbox7.com
6715,pillsbury.com
6716,biquge.la
6717,espnfcasia.com
6718,flalottery.com
6719,colatour.com.tw
6720,fruitmail.net
6721,donpornogratis.com
6722,ziraatbank.com.tr
6723,payza.com
6724,showoff.com.cn
6725,jobstreet.com
6726,junglevibe1.net
6727,sofort.com
6728,iberia.com
6729,ilpost.it
6730,watchseries.ag
6731,koreaboo.com
6732,sarenza.com
6733,skelbiu.lt
6734,delish.com
6735,easycounter.com
6736,52pojie.cn
6737,anakbnet.com
6738,formstack.com
6739,cebhe.info
6740,paginebianche.it
6741,parallels.com
6742,dcfever.com
6743,redtubelive.com
6744,zakon.kz
6745,oa.com
6746,sportinglife.com
6747,bestreams.net
6748,weibo.cn
6749,gnu.org
6750,gossiplankanews.com
6751,me2.do
6752,freshnewsasia.com
6753,flightstats.com
6754,trivago.de
6755,hvg.hu
6756,youneedabudget.com
6757,appleinsider.com
6758,tnt.com
6759,meidebi.com
6760,pearltrees.com
6761,ay.gy
6762,yougou.com
6763,renfe.com
6764,computrabajo.com.co
6765,scrubtheweb.com
6766,capital.gr
6767,google.mg
6768,liverpoolfc.com
6769,tantannews.com
6770,i2symbol.com
6771,bwin.com
6772,lunapic.com
6773,advanceautoparts.com
6774,drive.ru
6775,pembepanjur.com
6776,penny-arcade.com
6777,gothamist.com
6778,straightdope.com
6779,jkchiis.com
6780,malaysiakini.com
6781,zjol.com.cn
6782,manetho.com
6783,alfavita.gr
6784,speedbit.com
6785,tableau.com
6786,2banh.vn
6787,2game.info
6788,webtransfer.com
6789,cinepolis.com
6790,whowhatwear.com
6791,capitaloneinvesting.com
6792,kitamura.jp
6793,crowdfireapp.com
6794,1188.com
6795,easybib.com
6796,nationalpost.com
6797,economia.uol.com.br
6798,hawaalive.com
6799,robertsspaceindustries.com
6800,t-online.hu
6801,census.gov
6802,indiaglitz.com
6803,googledrive.com
6804,moneysupermarket.com
6805,prozeny.cz
6806,collective-evolution.com
6807,thrivemarket.com
6808,tabloidpulsa.co.id
6809,fuq.com
6810,9miao.com
6811,intentmedia.net
6812,bobibanking.com
6813,tengrinews.kz
6814,calculator.net
6815,frmtr.com
6816,letsebuy.com
6817,taste.com.au
6818,friendscout24.de
6819,kupivip.ru
6820,backpackers.com.tw
6821,videosdemadurasx.com
6822,wikisource.org
6823,volvocars.com
6824,thesims.com
6825,whmcs.com
6826,mbalib.com
6827,runtastic.com
6828,zapimoveis.com.br
6829,oreillyauto.com
6830,shopgoodwill.com
6831,cwb.gov.tw
6832,qantas.com
6833,byu.edu
6834,arvixe.com
6835,39yst.com
6836,kulichki.net
6837,genk.vn
6838,startlap.hu
6839,newsweek.pl
6840,fotomac.com.tr
6841,icontact.com
6842,phoenix.edu
6843,youmob.com
6844,anser.ne.jp
6845,spieletipps.de
6846,pure-t.ru
6847,psychcentral.com
6848,netmums.com
6849,experian.com
6850,keurig.com
6851,95081.com
6852,woxikon.de
6853,liga.net
6854,cnw.com.cn
6855,cartrade.com
6856,housing.com
6857,gyte.info
6858,premiumtimesng.com
6859,yify.tv
6860,garena.tw
6861,lendingclub.com
6862,el-balad.com
6863,tsinghua.edu.cn
6864,wolfram.com
6865,zerkalo-rutor.org
6866,careesma.in
6867,elblog.com
6868,mb.com.ph
6869,weatherzone.com.au
6870,kraftrecipes.com
6871,snn.ir
6872,incisozluk.com.tr
6873,metacafe.com
6874,fextralife.com
6875,saveup.jp
6876,elephantjournal.com
6877,oantagonista.com
6878,videisimo.net
6879,aesoponline.com
6880,katespade.com
6881,default-search.net
6882,libertatea.ro
6883,nikkei.co.jp
6884,popitunder.com
6885,teambeachbody.com
6886,360safe.com
6887,xaxoro.com
6888,srf.ch
6889,ibs.it
6890,niig.info
6891,vueling.com
6892,dirtyasiantube.com
6893,netcentrum.cz
6894,fc2web.com
6895,ebates.kr
6896,heydouga.com
6897,komputerswiat.pl
6898,eqla3.com
6899,wine-searcher.com
6900,somethingawful.com
6901,javlibrary.com
6902,vitorrentz.tv
6903,akbank.com
6904,erogamescape.dyndns.org
6905,iodata.jp
6906,svd.se
6907,xxxbunker.com
6908,kkiste.to
6909,movie2k.tw
6910,xilu.com
6911,blogcms.jp
6912,onlinesbh.com
6913,1news.az
6914,shock-news.net
6915,myradioaccess.com
6916,newindianexpress.com
6917,vrisko.gr
6918,fujitsu.com
6919,yidio.com
6920,tonicmovies.com
6921,skiddle.com
6922,pornicom.com
6923,donedeal.ie
6924,monografias.com
6925,ih5.cn
6926,majestic.com
6927,bakeca.it
6928,farsroid.com
6929,yes.xxx
6930,cplusplus.com
6931,astro.com
6932,telegraf.rs
6933,whois.net
6934,spring.io
6935,ibabyzone.cn
6936,btbbt.cc
6937,juggly.cn
6938,maxtv.cn
6939,womenlocator.com
6940,planningcenteronline.com
6941,gsmhosting.com
6942,macromedia.com
6943,mumsnet.com
6944,nettavisen.no
6945,sfimg.com
6946,gossip1.net
6947,faststore.org
6948,indusind.com
6949,firestorage.jp
6950,1544.ir
6951,hellomagazine.com
6952,23wx.com
6953,paisdelosjuegos.com.ar
6954,brooksbrothers.com
6955,ocbc.com
6956,investors.com
6957,modhoster.de
6958,farecompare.com
6959,cheers.com.tw
6960,cnn.co.jp
6961,localbitcoins.com
6962,openstreetmap.org
6963,metaffiliation.com
6964,twasul.info
6965,srclickpro.ru
6966,santanderbank.com
6967,thepaper.cn
6968,22find.com
6969,primedigitalads.com
6970,kinokong.net
6971,subdivx.com
6972,ninisite.com
6973,nordea.se
6974,petardas.com
6975,whatismyip.com
6976,gujarat.gov.in
6977,chefscatalog.com
6978,in.gov
6979,bensbargains.com
6980,eyao.com.cn
6981,vanderbilt.edu
6982,bose.com
6983,bovada.lv
6984,bigbangnews.com
6985,thanhnien.vn
6986,wordhippo.com
6987,pec.it
6988,977ai.com
6989,pulscen.ru
6990,scbeasy.com
6991,www.gov.cn
6992,jollychic.com
6993,translate.ru
6994,majikichi.com
6995,bookmeter.com
6996,vseinstrumenti.ru
6997,sexxx.cc
6998,cib.com.cn
6999,wccftech.com
7000,builtwith.com
7001,payeer.com
7002,jkpj.com
7003,onelogin.com
7004,zyngagames.com
7005,miss-no1.com
7006,ma-bimbo.com
7007,rabota.ru
7008,tanoshikoto.com
7009,bleepingcomputer.com
7010,infinii.com
7011,thefederalistpapers.org
7012,notonthehighstreet.com
7013,corsair.com
7014,justclick.ru
7015,moviestarplanet.com
7016,dealabs.com
7017,voirfilms.org
7018,zalando.es
7019,couponraja.in
7020,webnode.com
7021,newspoint.in
7022,rxlist.com
7023,fluege.de
7024,filmeonline2013.biz
7025,hide.me
7026,menclub.hk
7027,teamcoco.com
7028,click108.com.tw
7029,rbc.ua
7030,zi-m.com
7031,virtualtourist.com
7032,arukereso.hu
7033,blogspot.cl
7034,asos.de
7035,nypl.org
7036,aipai.com
7037,scmp.com
7038,nojima.co.jp
7039,weloveshopping.com
7040,linkprice.com
7041,choxi.com
7042,lacuerda.net
7043,frontier.com
7044,brit.co
7045,jav68.me
7046,matomeja.jp
7047,iis.net
7048,quickmeme.com
7049,galeria-kaufhof.de
7050,rmdown.com
7051,plenti.com
7052,3839.com
7053,zbozi.cz
7054,lentainform.com
7055,pardad.ir
7056,newstorrentsspace.info
7057,azvision.az
7058,rpp.pe
7059,qnlj.com
7060,ashford.com
7061,theepochtimes.com
7062,trendmicro.com
7063,lottedfs.com
7064,sears.ca
7065,winxdvd.com
7066,pingan.com
7067,571xz.com
7068,spreadshirt.com
7069,0755car.com
7070,jumia.com
7071,mall.cz
7072,faceit.com
7073,track24.ru
7074,sucursalelectronica.com
7075,guff.com
7076,oasgames.com
7077,siamsport.co.th
7078,adsupply.com
7079,imgclick.net
7080,citrix.com
7081,higherperspectives.com
7082,nola.com
7083,kobobooks.com
7084,mtv.com.lb
7085,sp.com.sa
7086,advego.ru
7087,puma.com
7088,nolo.com
7089,tekstowo.pl
7090,newsmemory.com
7091,bangkokpost.com
7092,klmtm2k6.com
7093,computrabajo.com.mx
7094,fewo-direkt.de
7095,pso2.jp
7096,openlinkprofiler.org
7097,otakomu.jp
7098,klmty.net
7099,dlink.com
7100,millionpictures.co
7101,realitatea.net
7102,appfolio.com
7103,18touch.com
7104,volaris.com
7105,deccanchronicle.com
7106,qiandaren.com
7107,savingstory.com
7108,benshouji.com
7109,hipertextual.com
7110,soft112.com
7111,sparebank1.no
7112,yiiframework.com
7113,linekong.com
7114,watchstore.com.cn
7115,ct10000.com
7116,dangbei.com
7117,gotquestions.org
7118,fbook.net
7119,avvo.com
7120,elle.fr
7121,pojoksatu.id
7122,elnuevodia.com
7123,alkislarlayasiyorum.com
7124,mobile.free.fr
7125,se.pl
7126,16personalities.com
7127,mygully.com
7128,zhuangpin.com
7129,hyundai.com
7130,deichmann.com
7131,iyiou.com
7132,opahnet.com
7133,yeahmobi.com
7134,tehran.ir
7135,gov.on.ca
7136,thecelebslife.com
7137,istar.cn
7138,thebiglead.com
7139,allwomenstalk.com
7140,egrana.com.br
7141,drugsnews.org
7142,ad2prosper.com
7143,comicbookmovie.com
7144,china.cn
7145,sinemalar.com
7146,noticiasrcn.com
7147,pornburst.xxx
7148,meetic.fr
7149,slutroulette.com
7150,zivame.com
7151,chotot.vn
7152,szmama.com
7153,colorado.edu
7154,win-kupon.com
7155,pizap.com
7156,skynewsarabia.com
7157,sej.co.jp
7158,audiojungle.net
7159,teamwork.com
7160,jahannews.com
7161,michigan.gov
7162,e-earphone.jp
7163,fin24.com
7164,evolife.cn
7165,phunuvagiadinh.vn
7166,unroll.me
7167,brightonclick.com
7168,geek.com
7169,iobnet.co.in
7170,ntu.edu.tw
7171,uaewomen.net
7172,myfxbook.com
7173,twinkledeals.com
7174,paaq.info
7175,googlecode.com
7176,ashams.com
7177,plius.lt
7178,wordfind.com
7179,bsi.ir
7180,decathlon.es
7181,biglion.ru
7182,rateyourmusic.com
7183,gratka.pl
7184,nn.ru
7185,behindthename.com
7186,3dlat.net
7187,umsesicrectt.in
7188,hdrezka.me
7189,skyperfectv.co.jp
7190,prosthesis.ir
7191,ikyu.com
7192,dstv.com
7193,getnews.jp
7194,futbol24.com
7195,juegosjuegos.com
7196,thebay.com
7197,yougov.com
7198,nnm.me
7199,kinoprofi.net
7200,kattorrents.in
7201,lazada.sg
7202,westlaw.com
7203,vppgamingnetwork.com
7204,051jk.com
7205,125wyt.com
7206,xxsy.net
7207,education.com
7208,webpagetest.org
7209,atv.az
7210,convertunits.com
7211,rajanews.com
7212,pathofexile.com
7213,ebay.be
7214,rapidtables.com
7215,lanebryant.com
7216,digiato.com
7217,rcgroups.com
7218,ne10.uol.com.br
7219,massimodutti.com
7220,filmehd.net
7221,cecile.co.jp
7222,his-j.com
7223,r18.com
7224,kochbar.de
7225,gemius.com
7226,yumpu.com
7227,nonton.mobi
7228,gooyaabitemplates.com
7229,roosterteeth.com
7230,lgmi.com
7231,dota2.com
7232,patoghu.com
7233,uta-net.com
7234,cloudtime.to
7235,ucoz.net
7236,medicalnewstoday.com
7237,flixster.com
7238,g9g.com
7239,unfollowers.com
7240,calciomercato.com
7241,52hxw.com
7242,sahadan.com
7243,papy.co.jp
7244,manageyourloans.com
7245,gamepressure.com
7246,chacha.com
7247,imp.free.fr
7248,autobild.de
7249,express.de
7250,derwesten.de
7251,mg8.biz
7252,ytpak.com
7253,firefox.com
7254,usnetads.com
7255,livescores.com
7256,basecamphq.com
7257,taowola.com
7258,listentoyoutube.com
7259,blair.com
7260,searchnu.com
7261,dagospia.com
7262,bolsademulher.com
7263,caremark.com
7264,naaptol.com
7265,expedia.ca
7266,matadornetwork.com
7267,instaforex.com
7268,aksam.com.tr
7269,mlbtraderumors.com
7270,java2s.com
7271,taiwan.tmall.com
7272,jarir.com
7273,link88.be
7274,dhnet.be
7275,jx.tmall.com
7276,seochat.com
7277,hujiang.com
7278,bancogalicia.com.ar
7279,telemundo.com
7280,ma-box-media.fr
7281,si.edu
7282,kanui.com.br
7283,hi.ru
7284,viglink.com
7285,stoiximan.gr
7286,paysafecard.com
7287,shorte.st
7288,catho.com.br
7289,safehomepage.com
7290,sanwa.co.jp
7291,cebupacificair.com
7292,allhyipmon.ru
7293,mediplayer.net
7294,ncore.cc
7295,berlin.de
7296,elevrus.cc
7297,rediffmailpro.com
7298,irib.ir
7299,observer.com
7300,webofknowledge.com
7301,edgesuite.net
7302,m-bitco.in
7303,retrip.jp
7304,blibli.com
7305,frandroid.com
7306,bonprix.ru
7307,morhipo.com
7308,horriblesubs.info
7309,comodo.com
7310,sermepa.es
7311,kingsoft.jp
7312,stumblemail.net
7313,jianshu.com
7314,lolipop.jp
7315,longzhu.com
7316,gitlab.com
7317,iheartdogs.com
7318,quizony.com
7319,nowvideo.to
7320,lianhonghong.com
7321,qq2233.com
7322,blueapron.com
7323,idkmen.com
7324,meristation.com
7325,steamusercontent.com
7326,br.de
7327,sportsnavi.com
7328,smusic.ir
7329,restorationhardware.com
7330,rizopoulospost.com
7331,bankmillennium.pl
7332,mol.gov.sa
7333,dicelacancion.com
7334,kepu.net.cn
7335,rome2rio.com
7336,apk4fun.com
7337,apytrc.com
7338,like4like.org
7339,occ.com.mx
7340,fobshanghai.com
7341,toto-dream.com
7342,rediffmail.com
7343,hanjin.co.kr
7344,supaads.com
7345,clarovideo.com
7346,snip.ly
7347,consumeraffairs.com
7348,rhcloud.com
7349,cpayard.com
7350,htmlhubing.xyz
7351,destructoid.com
7352,ozy.com
7353,365planetwinall.net
7354,abcnyheter.no
7355,couponcabin.com
7356,topwar.ru
7357,misrjournal.com
7358,huffpost.com
7359,creativecommons.org
7360,porndoe.com
7361,mundotkm.com
7362,blogtamsu.vn
7363,athenahealth.com
7364,minecraftservers.org
7365,qatarliving.com
7366,newshipin.info
7367,mob.org
7368,speedpay.com
7369,homeadvisor.com
7370,icarros.com.br
7371,garena.com
7372,kiplinger.com
7373,philstar.com
7374,qqtn.com
7375,rasekhoon.net
7376,okmagazine.com
7377,xixiwg.com
7378,fantagazzetta.com
7379,piesearch.com
7380,gbjobs.com
7381,xrea.com
7382,propellerads.com
7383,jst.go.jp
7384,alltor.me
7385,faa.gov
7386,youtubeinmp4.com
7387,rozee.pk
7388,sundayworld.com
7389,unibet.com
7390,1999.co.jp
7391,abcdnf.com
7392,idigitaltimes.com
7393,flipkey.com
7394,3pmstream.com
7395,eniyihekim.com
7396,filmey.tv
7397,surlatable.com
7398,second.by
7399,wikimart.ru
7400,hardware.fr
7401,celebjihad.com
7402,reklaam.co
7403,ucsb.edu
7404,pichunter.com
7405,vultr.com
7406,privatejobshub.in
7407,vodafone.es
7408,irancell.ir
7409,watchmygf.net
7410,recruitmentresult.com
7411,miamiherald.com
7412,rightel.ir
7413,rakuten.com.tw
7414,vt.edu
7415,baykoreans.com
7416,ecitic.com
7417,figsoku.net
7418,geo-online.co.jp
7419,missuniverse.com
7420,manuscriptcentral.com
7421,xxinn887.com
7422,cari.com.my
7423,ebay.tv
7424,pr0gramm.com
7425,tagesspiegel.de
7426,sweetim.com
7427,zeri.info
7428,radiorage.com
7429,nedsecure.co.za
7430,eda.ru
7431,mythemeshop.com
7432,microsec.in
7433,khaleejtimes.com
7434,ohnotheydidnt.livejournal.com
7435,hackerrank.com
7436,icq100.com
7437,adnxs.com
7438,rd.com
7439,pocketcard.co.jp
7440,legendas.tv
7441,cbr.ru
7442,23andme.com
7443,8800.org
7444,61saat.com
7445,grancursosonline.com.br
7446,maxim.com
7447,douglas.de
7448,onecoin.eu
7449,onlinesoccermanager.com
7450,dizilab.com
7451,gyakorikerdesek.hu
7452,manga-zip.net
7453,sodao.com
7454,sakura.ad.jp
7455,potterybarnkids.com
7456,uncomo.com
7457,readers.jp
7458,smarturl.it
7459,asklaila.com
7460,jimmyjohns.com
7461,kasi-time.com
7462,instyle.com
7463,palcomp3.com
7464,sas.com
7465,seattlepi.com
7466,gezginler.net
7467,baiduyun.me
7468,velvet.hu
7469,animenova.org
7470,mediotiempo.com
7471,rtbf.be
7472,99.com
7473,emarsys.net
7474,despegar.com.mx
7475,thetimes.co.uk
7476,chann.net
7477,webmasters.ru
7478,topito.com
7479,cdkeys.com
7480,tvguide.co.uk
7481,blogspot.fi
7482,immoweb.be
7483,ladenzeile.de
7484,strtpoint.com
7485,internations.org
7486,tmtpost.com
7487,cio.com
7488,findprice.com.tw
7489,cuantarazon.com
7490,lolwot.com
7491,linguee.es
7492,paruvendu.fr
7493,manga-zone.org
7494,sia.az
7495,sbs.com.au
7496,lonny.com
7497,5717wan.com
7498,mamibuy.com.tw
7499,uploadex.com
7500,phileweb.com
7501,shippingchina.com
7502,gametracker.com
7503,qqqtuan.com
7504,brighthouse.com
7505,thehindubusinessline.com
7506,goldenmines.biz
7507,alza.sk
7508,19694.com
7509,laprensa.com.ni
7510,ixigo.com
7511,4001075656.com
7512,comprendrechoisir.com
7513,hamshahrionline.ir
7514,firmy.cz
7515,abczdrowie.pl
7516,missmalini.com
7517,theaustralian.com.au
7518,xdowns.com
7519,share-online.biz
7520,e-rewards.com
7521,harveynorman.com.au
7522,admin.ch
7523,allegiantair.com
7524,adssend.net
7525,shiksha.com
7526,game2.cn
7527,rfi.fr
7528,kufar.by
7529,skai.gr
7530,6781.com
7531,tatasky.com
7532,mobilelikez.com
7533,globalsources.com
7534,legalzoom.com
7535,gofeminin.de
7536,fb.com
7537,webdesignerdepot.com
7538,coderanch.com
7539,betanews.com
7540,post.gov.tw
7541,kinogb.net
7542,downvids.net
7543,findlaw.com
7544,bandsintown.com
7545,5idh.com
7546,templatebank.com
7547,embedsr.com
7548,hcsc.net
7549,poppen.de
7550,shared.sx
7551,torrent-games.net
7552,2checkout.com
7553,nexon.co.jp
7554,pricepony.com.ph
7555,vodafone.com.tr
7556,mobile-review.com
7557,magento.com
7558,trojmiasto.pl
7559,cwtv.com
7560,laracasts.com
7561,ubergizmo.com
7562,apkmirror.com
7563,centauro.com.br
7564,noticias24.com
7565,okkisokuho.com
7566,k-streaming.com
7567,mom2fuck.com
7568,360nobs.com
7569,shonenjump.com
7570,siasat.pk
7571,suntimes.com
7572,2dehands.be
7573,guju.com.cn
7574,cafef.vn
7575,articlesbase.com
7576,usp.br
7577,olx.bg
7578,virginamerica.com
7579,gamgos.ae
7580,mtvindia.com
7581,hbonow.com
7582,novaskin.me
7583,kbs.co.kr
7584,fremdgehen69.com
7585,douyu.com
7586,barisderin.com
7587,fb.ru
7588,musichostnetwork.com
7589,pokemon.com
7590,asiaone.com
7591,yidianting.com
7592,sheypoor.com
7593,americanswan.com
7594,pexels.com
7595,healthunlocked.com
7596,indiatvnews.com
7597,updatestar.com
7598,ingdirect.it
7599,hibasport.com
7600,plugin-search2update.com
7601,utorrentinstall.com
7602,moneymakergroup.com
7603,autoc-one.jp
7604,the-village.ru
7605,otodom.pl
7606,wst.cn
7607,getsidekick.com
7608,carousell.com
7609,bancopopular.es
7610,datafilehost.com
7611,sina.com
7612,filmesonlinex.net
7613,redsys.es
7614,varlamov.ru
7615,mamsy.ru
7616,mp3mad.com
7617,hawahome.com
7618,memecenter.com
7619,hotair.com
7620,whatmobile.com.pk
7621,filmywap.com
7622,netbet.ro
7623,komando.com
7624,minecraftsix.com
7625,etxt.ru
7626,gov.kz
7627,atpworldtour.com
7628,boards.ie
7629,zarplata.ru
7630,couchtuner.at
7631,tvhome.com
7632,mta.info
7633,mydigit.cn
7634,bong99.com
7635,digital-photography-school.com
7636,arabytracking.com
7637,metrodeal.com
7638,thebot.net
7639,reg.ru
7640,stamps.com
7641,fungoiddempseyimpasse.info
7642,games.com
7643,baseball-reference.com
7644,airindia.in
7645,sabavision.com
7646,vipergirls.to
7647,sharefile.com
7648,airliners.net
7649,theme-fusion.com
7650,raftaar.in
7651,merrickbank.com
7652,mytrafficvalue.com
7653,gmx.ch
7654,oregonstate.edu
7655,manoramanews.com
7656,news.am
7657,firstnational.com
7658,steamdb.info
7659,hugefiles.net
7660,googleping.com
7661,fortadpays.com
7662,gioco.it
7663,gandul.info
7664,northerntool.com
7665,enotes.com
7666,visual.ly
7667,grupobancolombia.com
7668,tfilm.me
7669,choicehotels.com
7670,snapdo.com
7671,getuploader.com
7672,30-day-change.com
7673,geneanet.org
7674,planet49.com
7675,discoverbank.com
7676,saiyasu-navi.net
7677,nsportal.ru
7678,hellporno.com
7679,actstudent.org
7680,notjustok.com
7681,tomsguide.fr
7682,superpages.com
7683,washingtonexaminer.com
7684,abc7.com
7685,tahrirnews.com
7686,press24.mk
7687,guru3d.com
7688,stacksocial.com
7689,mudainodocument.com
7690,homedepot.ca
7691,symbols-n-emoticons.com
7692,ncl.com
7693,mnogo.ru
7694,manmanbuy.com
7695,jdzj.com
7696,suomi24.fi
7697,iqucai.com
7698,seslisozluk.net
7699,pbebank.com
7700,imhonet.ru
7701,cosmo.ru
7702,serienjunkies.de
7703,lendingtree.com
7704,suzuki.co.jp
7705,barneys.com
7706,official.gr
7707,musixmatch.com
7708,raialyoum.com
7709,install-latest.online
7710,fengniao.com
7711,dotmsr.com
7712,your-server.de
7713,weziwezi.com
7714,gigabyte.com
7715,sarkarinaukrisarch.in
7716,photoshelter.com
7717,seedpeer.eu
7718,moviefisher.com
7719,paisdelosjuegos.es
7720,sweet-page.com
7721,jamejamonline.ir
7722,escapadarural.com
7723,matchesfashion.com
7724,idbi.com
7725,ad-center.com
7726,eee114.com
7727,todayifoundout.com
7728,parsiblog.com
7729,belastingdienst.nl
7730,onegreenplanet.org
7731,secure.ipage.com
7732,canstockphoto.com
7733,memrise.com
7734,sublimetext.com
7735,elmercurio.com
7736,champion.gg
7737,elcoin.biz
7738,seriesvideobb.net
7739,sportdog.gr
7740,ssense.com
7741,zalora.co.id
7742,disput.az
7743,howtoforge.com
7744,piratestreaming.news
7745,beyond.com
7746,xem.vn
7747,cyzo.com
7748,cjn.cn
7749,autoportal.com
7750,ad-score.com
7751,c67gamb.com
7752,evine.com
7753,artlebedev.ru
7754,grameenphone.com
7755,bergfex.at
7756,a67.com
7757,xendan.org
7758,easeus.com
7759,bossip.com
7760,amadeus.com
7761,brother.co.jp
7762,tianjihr.com
7763,amalgama-lab.com
7764,supersport.com
7765,krisha.kz
7766,strato.de
7767,rainiertamayo.com
7768,printvenue.com
7769,weeb.tv
7770,9999q.com
7771,vatera.hu
7772,wistia.com
7773,kau.edu.sa
7774,araskargo.com.tr
7775,mercadolibre.com.uy
7776,appsflyer.com
7777,bestbooklibrary.com
7778,berniesanders.com
7779,groupon.de
7780,endomondo.com
7781,cmle.ru
7782,premium.wix.com
7783,wowmusix.com
7784,news-three-stars.net
7785,fabric.io
7786,altsantiri.gr
7787,popularscience.tv
7788,qunniao.com
7789,gencat.cat
7790,lavoz.com.ar
7791,drikpanchang.com
7792,du.ac.in
7793,star.com.tr
7794,securesuite.co.uk
7795,manutd.com
7796,tripleclicks.com
7797,flets.com
7798,dakar.com
7799,zbiornik.com
7800,akamai.com
7801,netcombo.com.br
7802,cinematoday.jp
7803,madamenoire.com
7804,esam.ir
7805,fancy.com
7806,soccermanager.com
7807,themalaysianinsider.com
7808,hkjc.com
7809,wallstreetcn.com
7810,likesrock.com
7811,game-game.com.ua
7812,okalexa.com
7813,maturemoms.tv
7814,bankier.pl
7815,nissanusa.com
7816,twcc.com
7817,unfranchise.com
7818,alison.com
7819,spin.de
7820,polki.pl
7821,putlocker.com
7822,top10homeremedies.com
7823,weluma.com
7824,taojindi.com
7825,mediamarkt.nl
7826,mixbogo.net
7827,coursehero.com
7828,2cto.com
7829,yasdl.com
7830,javynow.com
7831,kqtyz.com
7832,rabb.it
7833,banksifsccode.com
7834,moosejaw.com
7835,pricecheck.co.za
7836,gimp.org
7837,vestifinance.ru
7838,streaming-illimite.net
7839,enpara.com
7840,almrsal.com
7841,infojobs.it
7842,safemls.net
7843,costcotravel.com
7844,lids.com
7845,payserve.com
7846,saberfun.ir
7847,dominos.jp
7848,emaildefend.com
7849,brownells.com
7850,stack.com
7851,onvasortir.com
7852,jsonline.com
7853,brookstone.com
7854,155game.com
7855,alahlionline.com
7856,emedicinehealth.com
7857,brommando.com
7858,smartresponder.ru
7859,funweek.it
7860,hotnews.ro
7861,hatenadiary.jp
7862,chinaaet.com
7863,townwork.net
7864,edublogs.org
7865,adata.com
7866,summitracing.com
7867,legiaodosherois.uol.com.br
7868,op.fi
7869,kingarthurflour.com
7870,ivoox.com
7871,semana.com
7872,weltbild.de
7873,saic.gov.cn
7874,webhostbox.net
7875,infojobs.com.br
7876,swiftgossip.com
7877,abcmouse.com
7878,dunyavegercekler.com
7879,j-lyric.net
7880,postila.ru
7881,chayu.com
7882,webopedia.com
7883,pc5566.com
7884,capcom.co.jp
7885,extrabux.com
7886,apsrtconline.in
7887,ace2three.com
7888,cgd.pt
7889,visa.com.ar
7890,xtool.ru
7891,supercell.net
7892,asiatech.ir
7893,agenciatributaria.gob.es
7894,zennioptical.com
7895,svpressa.ru
7896,citizensbank.com
7897,gwu.edu
7898,appmedia.jp
7899,jmty.jp
7900,ap.gov.in
7901,thekrazycouponlady.com
7902,fossil.com
7903,babnet.net
7904,doctoroz.com
7905,yellowpages.ca
7906,thefappening.so
7907,vistaprint.in
7908,unisa.ac.za
7909,politifact.com
7910,bet9ja.com
7911,rahnama.com
7912,sib.im
7913,indiaproperty.com
7914,gaymaletube.com
7915,google.cm
7916,sikayetvar.com
7917,picresize.com
7918,pluska.sk
7919,qnap.com
7920,sudouest.fr
7921,military.com
7922,white-news.com
7923,eposcard.co.jp
7924,terapeak.com
7925,asianwiki.com
7926,straighttalk.com
7927,nju.edu.cn
7928,india.gov.in
7929,cengage.com
7930,postfinance.ch
7931,sima-land.ru
7932,diytrade.com
7933,streeteasy.com
7934,proxysite.com
7935,aitecar.com
7936,clker.com
7937,result24.co.in
7938,postimage.org
7939,hubspot.net
7940,mofa.gov.sa
7941,excite.com
7942,fardanews.com
7943,dizipub.com
7944,detroitnews.com
7945,mo.gov
7946,activesearchresults.com
7947,ficbook.net
7948,qvc.de
7949,avis.com
7950,kissmetrics.com
7951,maxpreps.com
7952,techweb.com.cn
7953,driverscape.com
7954,fhm.com.tw
7955,doviz.com
7956,piktochart.com
7957,myadvertisingpays.com
7958,topface.com
7959,ittefaq.com.bd
7960,almanar.com.lb
7961,idownloadblog.com
7962,profitboosterapp.net
7963,dir.bg
7964,hsbc.com.br
7965,9991.com
7966,bonton.com
7967,3144.net
7968,leovegas.com
7969,doujinantena.com
7970,schulferien.org
7971,ru-board.com
7972,adobeconnect.com
7973,liebelib.com
7974,burusoku-vip.com
7975,piaohua.com
7976,x3xtube.com
7977,raiffeisen.ru
7978,panoramastock.com
7979,yepi.com
7980,find-travel.jp
7981,pearsonvue.com
7982,fastcodesign.com
7983,roshd.ir
7984,squirt.org
7985,kickasstorrents.eu
7986,amc.com
7987,fcbarcelona.com
7988,amazon.jobs
7989,but.fr
7990,adform.net
7991,020.com
7992,poradnikzdrowie.pl
7993,jango.com
7994,zenmate.com
7995,fotka.pl
7996,heima.com
7997,fabletics.com
7998,border.gov.au
7999,vitalsource.com
8000,freepdfconvert.com
8001,pitt.edu
8002,buysub.com
8003,steelinn.com
8004,bnhelp.com
8005,fonts.com
8006,avforums.com
8007,uga.edu
8008,domain.com
8009,fuliba.net
8010,prosieben.de
8011,pbworks.com
8012,lesoir.be
8013,proceso.com.mx
8014,iconnect.co.in
8015,cinemagia.ro
8016,nic.ir
8017,sd864.com
8018,m24.ru
8019,payback.in
8020,matome-plus.net
8021,hdclub.org
8022,b5m.com
8023,3987.com
8024,collinsdictionary.com
8025,indavideo.hu
8026,888casino.com
8027,goobike.com
8028,paragonrels.com
8029,flyasiana.com
8030,tv.nu
8031,salamnews.org
8032,work.ua
8033,brands4friends.de
8034,yinxiang.com
8035,digicame-info.com
8036,babycentre.co.uk
8037,pagesperso-orange.fr
8038,songsterr.com
8039,bzwbk.pl
8040,mkyong.com
8041,brainpickings.org
8042,oyorooms.com
8043,juuzhe.com
8044,uverse.com
8045,uniqlo.tmall.com
8046,bitrix24.com
8047,govtlatestjobs.com
8048,instacart.com
8049,meta.ua
8050,cokeandpopcorn.ch
8051,24smi.info
8052,topgear.com
8053,viralmozo.com
8054,bet365.it
8055,xxeronetxx.info
8056,nflshop.com
8057,subhd.com
8058,mediamarkt.com.tr
8059,swedbank.lt
8060,checkpagerank.net
8061,meteomedia.com
8062,javfree.me
8063,okokl.com
8064,cpta.com.cn
8065,fokuzz.com
8066,zv.fm
8067,5acbd.com
8068,zedge.net
8069,21cineplex.com
8070,bjs.com
8071,fashionmia.com
8072,search-results.com
8073,crackle.com
8074,linkomanija.net
8075,xuanke.com
8076,thenational.ae
8077,selwoodltd.com
8078,zangsisi.net
8079,peoplestylewatch.com
8080,gigya.com
8081,warhistoryonline.com
8082,template.net
8083,dashlane.com
8084,businessnewsdaily.com
8085,dojki.com
8086,standaard.be
8087,whathifi.com
8088,games.co.id
8089,instapaper.com
8090,livelib.ru
8091,allure.com
8092,sambaporno.com
8093,powtoon.com
8094,ttcj.net
8095,cjdby.net
8096,juanpi.com
8097,wooribank.com
8098,uhaul.com
8099,italki.com
8100,whoscored.com
8101,k12.com
8102,newsone.gr
8103,cb01.co
8104,rotahaber.com
8105,toukoucity.to
8106,makeupalley.com
8107,viber.com
8108,mediamarkt.pl
8109,goglogo.com
8110,home77.com
8111,ebuyer.com
8112,startbootstrap.com
8113,mathtag.com
8114,etmall.com.tw
8115,yourtango.com
8116,akoam.com
8117,realblogs.biz
8118,cnyes.com
8119,seriefr.com
8120,alwadifa-maroc.com
8121,imi.ne.jp
8122,egovtjobs.in
8123,interestingengineering.com
8124,gandermountain.com
8125,bmwusa.com
8126,gta5-mods.com
8127,a8.net
8128,edimdoma.ru
8129,ah-me.com
8130,stuff.tv
8131,ttufo.com
8132,shishangqiyi.com
8133,hyundaihmall.com
8134,djangoproject.com
8135,wappalyzer.com
8136,mandatory.com
8137,tele2.ru
8138,apkpure.com
8139,stocktwits.com
8140,settrade.com
8141,baogiaothong.vn
8142,mafiashare.net
8143,linkslot.ru
8144,parenting.com
8145,filmai.in
8146,musicnotes.com
8147,notebookreview.com
8148,shoes.net.cn
8149,codeschool.com
8150,nikkan-spa.jp
8151,player.pl
8152,download-genius.com
8153,cheaptickets.com
8154,sledujufilmy.cz
8155,bezuzyteczna.pl
8156,hao344.com
8157,womansday.com
8158,auctiva.com
8159,afftrack.com
8160,thebrowsergame.com
8161,ubibanca.com
8162,comicvip.com
8163,bankinter.com
8164,bpi.ir
8165,finya.de
8166,e-leclerc.com
8167,ec21.com
8168,aichun.co
8169,thestudentroom.co.uk
8170,lotto.pl
8171,cwq.com
8172,05tz2e9.com
8173,slutload.com
8174,iastate.edu
8175,arageek.com
8176,ygdy8.net
8177,ebs.in
8178,etajakhabar.com
8179,gentside.com
8180,airbnb.fr
8181,htmlpublish.com
8182,youx.xxx
8183,torrinomedica.it
8184,arabictorrent.net
8185,luisaviaroma.com
8186,ranksignals.com
8187,okaz.com.sa
8188,buybuybaby.com
8189,magentocommerce.com
8190,tworld.co.kr
8191,webstaurantstore.com
8192,mmobileoffers.com
8193,match.net.tw
8194,linksys.com
8195,west.cn
8196,i2ya.com
8197,expert.ru
8198,bionluk.com
8199,luminpdf.com
8200,streamnowmovies.com
8201,gsconto.com
8202,miwifi.com
8203,b-ch.com
8204,madewell.com
8205,raw-zip.com
8206,dotal.or.kr
8207,islamicfinder.org
8208,drdinl.com
8209,rtvslo.si
8210,nazwa.pl
8211,crsky.com
8212,bitcointalk.org
8213,kadinlarkulubu.com
8214,asahi-net.or.jp
8215,bankhapoalim.co.il
8216,iceporn.com
8217,wzs.org.cn
8218,post-gazette.com
8219,brothersoft.com
8220,mypearson.com
8221,muffingroup.com
8222,slashgear.com
8223,xwh.cn
8224,ammonnews.net
8225,comixology.com
8226,elnuevodiario.com.ni
8227,yeutretho.vn
8228,chance.com
8229,beachbody.com
8230,mnn.com
8231,notdoppler.com
8232,ptcl.net.pk
8233,299678.com
8234,promodj.com
8235,thejigsawpuzzles.com
8236,inhabitat.com
8237,columbia.com
8238,uw.edu
8239,lyricsmode.com
8240,cafis-paynet.jp
8241,foodpanda.in
8242,three.co.uk
8243,multoigri.ru
8244,coolrom.com
8245,gutenberg.org
8246,minoland.com
8247,pcloud.com
8248,pdapi.com
8249,nastygal.com
8250,media-surv.com
8251,telugumatrimony.com
8252,mobilism.org
8253,dailyfx.com
8254,wellnessmama.com
8255,followmyhealth.com
8256,gicp.net
8257,dumpaday.com
8258,entireweb.com
8259,eklablog.com
8260,synonym.com
8261,moneymorning.com
8262,greenhouse.io
8263,9tsu.com
8264,xmnn.cn
8265,dtdc.in
8266,centrum.sk
8267,aitnews.com
8268,crx7601.com
8269,eluniversal.com
8270,libsyn.com
8271,karar.com
8272,tyrion.es
8273,ciudad.com.ar
8274,fgv.br
8275,mhometheater.com
8276,oscar.go.com
8277,littlewoods.com
8278,servis24.cz
8279,24tv.ua
8280,www.ne.jp
8281,basketball-reference.com
8282,hstpnetwork.com
8283,larazon.es
8284,directlyrics.com
8285,revolveclothing.com
8286,heroku.com
8287,recreativ.ru
8288,kidshealth.org
8289,digitalspy.co.uk
8290,ecosia.org
8291,juwai.com
8292,imgbabes.com
8293,reviversoft.com
8294,ratp.fr
8295,123newyear.com
8296,my68.com
8297,elastic.co
8298,abhibus.com
8299,adsterra.com
8300,ing.be
8301,ixian.cn
8302,mytorrentsetup.com
8303,scienceplus2ch.com
8304,abelhas.pt
8305,witkit.com
8306,samlib.ru
8307,antenam.biz
8308,technopat.net
8309,blizko.ru
8310,torproject.org
8311,jobomas.com
8312,my-shop.ru
8313,toster.ru
8314,spletnik.ru
8315,pay1101.com
8316,provincial.com
8317,softportal.com
8318,hawaaworld.com
8319,ig.com
8320,riotgames.com
8321,alexamaster.net
8322,vulcandeluxe.co
8323,miaopai.com
8324,xabbs.com
8325,puritan.com
8326,your-surveys.com
8327,ok168.com
8328,farnell.com
8329,telus.com
8330,gwdang.com
8331,urlopener.com
8332,homebank.kz
8333,hongshu.com
8334,alnaharegypt.com
8335,xm.com
8336,zakupki.gov.ru
8337,booklive.jp
8338,postquare.com
8339,173eg.com
8340,qiandao.net
8341,indonesianews.info
8342,musicplayon.com
8343,waseet.net
8344,gamesgames.com
8345,spaces.ru
8346,routard.com
8347,555n.net
8348,unionbank.com
8349,handelsbanken.se
8350,wenwuchina.com
8351,marumaru.in
8352,materiel.net
8353,cgv.co.kr
8354,mysearchresults.com
8355,kar.nic.in
8356,kting.cn
8357,kliksa.com
8358,bolha.com
8359,sol.org.tr
8360,t-mobile.de
8361,k12.wi.us
8362,hipmunk.com
8363,tayara.tn
8364,thewhizmarketing.com
8365,112.ua
8366,myasiantv.se
8367,profitcentr.com
8368,jobstreet.com.my
8369,caringbridge.org
8370,europe1.fr
8371,techsupportalert.com
8372,iflashbuy.com
8373,scriptscoop.net
8374,dinos.co.jp
8375,mostaql.com
8376,huffpostarabi.com
8377,kabu.co.jp
8378,2shared.com
8379,noip.com
8380,oodle.com
8381,adrotate.se
8382,hemnet.se
8383,time.ir
8384,commonsensemedia.org
8385,princess.com
8386,sparkfun.com
8387,tovima.gr
8388,airfarewatchdog.com
8389,syracuse.com
8390,ap7am.com
8391,sg560.com
8392,officeworks.com.au
8393,simplyrecipes.com
8394,skoob.com.br
8395,hacg.lol
8396,mingpao.com
8397,bkm.com.tr
8398,tusooo.com
8399,torlock.com
8400,alweeam.com.sa
8401,say7.info
8402,ws1.com
8403,192.com
8404,bgr.in
8405,calibre-ebook.com
8406,cashnhits.com
8407,tctelevision.com
8408,falabella.com
8409,m-team.cc
8410,hk-bici.com
8411,oldcatlady.com
8412,zain.com
8413,voici.fr
8414,studentloans.gov
8415,8kana.com
8416,kinoclips.net
8417,a.com.cn
8418,lexisnexis.com
8419,siemens.com
8420,eftps.gov
8421,syfy.com
8422,cloudinary.com
8423,netmile.co.jp
8424,arcgis.com
8425,lolinez.com
8426,livrariacultura.com.br
8427,clip.vn
8428,pensador.uol.com.br
8429,freepik.es
8430,airberlin.com
8431,studiopress.com
8432,couponzguru.com
8433,navalny.com
8434,mrexcel.com
8435,yllix.com
8436,snhu.edu
8437,doityourself.com
8438,fosshub.com
8439,tiaa-cref.org
8440,foto.ru
8441,uncrate.com
8442,apartmenthomeliving.com
8443,nulltheme.net
8444,kaufda.de
8445,asset-cache.net
8446,disney.co.jp
8447,ofertaaxtel.mx
8448,worldofwarships.com
8449,cancer.org
8450,awd.ru
8451,telkom.co.za
8452,freenom.com
8453,ticketcamp.net
8454,startpagina.nl
8455,lyricstranslate.com
8456,plus.ir
8457,subaru.jp
8458,allday.com
8459,iridiumsergeiprogenitor.info
8460,gou.com
8461,njarti.cn
8462,olx.com.ar
8463,mangbongda.net
8464,onlinemoviesgold.com
8465,littleone.ru
8466,servedbytrackingdesk.com
8467,toshiba.co.jp
8468,azadliq.org
8469,bootsnipp.com
8470,lidovky.cz
8471,coco.fr
8472,chinaacc.com
8473,europapress.es
8474,google.com.lb
8475,teambition.com
8476,shaanig.com
8477,boe.es
8478,bilgiustam.com
8479,peru21.pe
8480,tema.livejournal.com
8481,infomoney.com.br
8482,elong.com
8483,51fashion.com.cn
8484,leroymerlin.es
8485,virtualaz.org
8486,klout.com
8487,productivityboss.com
8488,shopotam.ru
8489,helpster.de
8490,ishuhui.com
8491,pearl.de
8492,dfiles.eu
8493,hornbach.de
8494,datpiff.com
8495,datatables.net
8496,ahlife.com
8497,dailytelegraph.com.au
8498,tvefamosos.uol.com.br
8499,megabus.com
8500,lifecard.co.jp
8501,taxheaven.gr
8502,wo.com.cn
8503,trickduniya.com
8504,usf.edu
8505,subway.com
8506,evenue.net
8507,firstdirect.com
8508,worldofwarships.eu
8509,reviewed.com
8510,9111.ru
8511,philenews.com
8512,gecce.com
8513,starfall.com
8514,chanel.com
8515,anilinkz.tv
8516,themoneyconverter.com
8517,bri.co.id
8518,rlsbb.com
8519,okazii.ro
8520,google.am
8521,makezine.com
8522,iphones.ru
8523,makeupandbeauty.com
8524,girlg.com
8525,zorpia.com
8526,gdm.or.jp
8527,2ch.hk
8528,dr.com.tr
8529,mediamarkt.gr
8530,consumerist.com
8531,netease.com
8532,tejaratbank.ir
8533,ovguide.com
8534,ertk.net
8535,thisdaylive.com
8536,etradenow.cn
8537,mmm-office.com
8538,abbreviations.com
8539,postgresql.org
8540,sogouliulanqi.com
8541,78k78.cn
8542,belfius.be
8543,cneb.gov.cn
8544,omelete.uol.com.br
8545,bonusio.ru
8546,malavida.com
8547,pc-koubou.jp
8548,tver.jp
8549,kxcdn.com
8550,porus.ru
8551,homestead.com
8552,swansonvitamins.com
8553,nielsen.com
8554,redmp3.cc
8555,moneta.co.kr
8556,jav68.tv
8557,waaw.tv
8558,thalia.de
8559,ru.wix.com
8560,dotamax.com
8561,alraimedia.com
8562,torrentbutler.eu
8563,jobmail.co.za
8564,indiblogger.in
8565,minpinhui.com
8566,rsch.jp
8567,mercantilbanco.com
8568,alalam.ir
8569,buzzhearts.com
8570,mckinsey.com
8571,letterboxd.com
8572,tvigle.ru
8573,canal-plus.com
8574,tarafdari.com
8575,cognizant.com
8576,media-serving.com
8577,coubei.com
8578,thestandnews.com
8579,talks.by
8580,nelnet.net
8581,lineblog.me
8582,hawaii.edu
8583,fakenamegenerator.com
8584,mercadolivre.com
8585,tv3.lt
8586,streema.com
8587,uiowa.edu
8588,state.mn.us
8589,1c-bitrix.ru
8590,bit.ly
8591,enom.com
8592,felissimo.co.jp
8593,rarlab.com
8594,hitosara.com
8595,imgfarm.com
8596,e-autopay.com
8597,lu.com
8598,firefox.com.cn
8599,airbnb.co.in
8600,listal.com
8601,twojapogoda.pl
8602,ok365.com
8603,bmw.com.cn
8604,melody24.net
8605,heraldsun.com.au
8606,3snews.net
8607,emailsrvr.com
8608,grapee.jp
8609,meritnation.com
8610,k12.ga.us
8611,novayagazeta.ru
8612,moretify.com
8613,liverpoolecho.co.uk
8614,rockauto.com
8615,themelock.com
8616,olacabs.com
8617,101.ru
8618,apa.org
8619,vslovetv.com
8620,zdface.com
8621,kayako.com
8622,kindgirls.com
8623,pistonheads.com
8624,urbanpro.com
8625,indigo.ca
8626,fermasosedi.biz
8627,elandroidelibre.com
8628,todo1.com
8629,servicecanada.gc.ca
8630,piraeusbank.gr
8631,hsw.cn
8632,trivago.com.br
8633,airbnb.co.uk
8634,recyclix.com
8635,woodburyoutfitters.com
8636,ohmyzip.com
8637,vodafone.com.eg
8638,mogicons.com
8639,kasikornbank.com
8640,apply2jobs.com
8641,xy280.com
8642,idokep.hu
8643,elcats.ru
8644,airfrance.fr
8645,ftchinese.com
8646,al3asma.com
8647,armslist.com
8648,towleroad.com
8649,iianews.com
8650,dcard.tw
8651,poringa.net
8652,seekingarrangement.com
8653,keyyou.net
8654,3ple.jp
8655,animeshow.tv
8656,brndrm.com
8657,4px.com
8658,mangago.me
8659,jogos.uol.com.br
8660,olivesoftware.com
8661,dhc.co.jp
8662,ele.me
8663,pianetadonna.it
8664,copart.com
8665,xml-sitemaps.com
8666,kodi.wiki
8667,1and1.es
8668,megamozg.ru
8669,pornoid.com
8670,rusnovosti.ru
8671,swedbank.lv
8672,anything2mp3.com
8673,jetztspielen.de
8674,epa.gov
8675,keepa.com
8676,digialm.com
8677,artbulb.com
8678,pornyeah.com
8679,vakifbank.com.tr
8680,kijomatomelog.com
8681,pwc.com
8682,doda.jp
8683,ingresso.com
8684,mcdonalds.com
8685,youporngay.com
8686,zbj.com
8687,powerreviews.com
8688,fx112.com
8689,gtarcade.com
8690,google.ge
8691,df.gob.mx
8692,spa.gov.sa
8693,softlayer.com
8694,allindiaroundup.com
8695,islamqa.info
8696,bitopt24.com
8697,baoku.com
8698,positiveboost.com
8699,filepuma.com
8700,tripit.com
8701,senscritique.com
8702,wayn.com
8703,childsobesity.com
8704,competitor.com
8705,webcg.net
8706,duluthtrading.com
8707,football365.com
8708,euronics.it
8709,oglaf.com
8710,spacemov.com
8711,hitfix.com
8712,hbo.com
8713,123tsg.com
8714,soft32.com
8715,ename.com
8716,peliculasflv.tv
8717,comingsoon.it
8718,gizbot.com
8719,zaq.ne.jp
8720,muabannhanh.com
8721,kismia.com
8722,jeunesseglobal.com
8723,fontawesome.io
8724,thefeed2all.eu
8725,paypal.de
8726,voeazul.com.br
8727,mineo.jp
8728,cybercartes.com
8729,gamejolt.com
8730,tripadvisor.com.ar
8731,kuke.com
8732,fitnessmagazine.com
8733,nts.org.pk
8734,swisscom.ch
8735,zenfolio.com
8736,carphonewarehouse.com
8737,thenet.ng
8738,questdiagnostics.com
8739,jobtome.com
8740,nikonusa.com
8741,hecha.cn
8742,startmoneytrading.com
8743,sgcpanel.com
8744,melty.fr
8745,theoldreader.com
8746,yn012.cn
8747,iphonehacks.com
8748,rechargeitnow.com
8749,blabbermouth.net
8750,heart.org
8751,ttt4.com
8752,davidsbridal.com
8753,gsu.edu
8754,consumercomplaints.in
8755,proz.com
8756,6e2bd3848d2b73.se
8757,html.it
8758,aventertainments.com
8759,sprashivai.ru
8760,totalbeauty.com
8761,mixpanel.com
8762,3ssee.com
8763,kitapyurdu.com
8764,free-css.com
8765,sbtonline.in
8766,ciwong.com
8767,a1.net
8768,atozmp3.in
8769,onetad.com
8770,babesnetwork.com
8771,rosbalt.ru
8772,spox.com
8773,juiceads.net
8774,google.ht
8775,addurl.nu
8776,networksolutionsemail.com
8777,rarbg.com
8778,tvarticles.me
8779,utah.gov
8780,portail.free.fr
8781,upsc.gov.in
8782,dramatime.me
8783,agarz.com
8784,depor.pe
8785,cricket.com.au
8786,kontur.ru
8787,52guagua.com
8788,uniblue.com
8789,hamyarwp.com
8790,elderscrollsonline.com
8791,routerlogin.net
8792,pornodingue.com
8793,doujin-eromanga.com
8794,lite-ra.com
8795,japanet.co.jp
8796,antaranews.com
8797,otosaigon.com
8798,toofab.com
8799,minhaconexao.com.br
8800,co-operativebank.co.uk
8801,egirlgames.net
8802,xmovies8.org
8803,gala.de
8804,profits25.com
8805,jaccs.co.jp
8806,studentdoctor.net
8807,naviance.com
8808,asagei.com
8809,umass.edu
8810,wifi.id
8811,whoishostingthis.com
8812,sfacg.com
8813,shopserve.jp
8814,lexpress.mu
8815,afip.gov.ar
8816,flyflv.com
8817,opm.gov
8818,kocpc.com.tw
8819,mediatemple.net
8820,acm.org
8821,1sale.com
8822,411.com
8823,kitco.com
8824,hitgelsin.com
8825,circleksunkus.jp
8826,alyaoum24.com
8827,thebump.com
8828,iautos.cn
8829,mtagmonetizationc.com
8830,hellowork.go.jp
8831,urasunday.com
8832,ojogos.com.br
8833,tudocelular.com
8834,jeuxjeuxjeux.fr
8835,komonews.com
8836,txlottery.org
8837,mytheresa.com
8838,pagina12.com.ar
8839,tescobank.com
8840,mouse-jp.co.jp
8841,jooov.cn
8842,rci.com
8843,banesco.com
8844,kaufland.de
8845,myftpupload.com
8846,media-ad.jp
8847,aristeguinoticias.com
8848,bitnami.com
8849,sips-atos.com
8850,sharethis.com
8851,gaochunv.com
8852,informationng.com
8853,treehugger.com
8854,blizzard.com
8855,1and1.co.uk
8856,saharareporters.com
8857,avaaz.org
8858,kosmetista.ru
8859,inkthemes.com
8860,theporndude.com
8861,tokkaban.com
8862,mvsubtitles.com
8863,escapistmagazine.com
8864,domainnamesales.com
8865,ticketnew.com
8866,matometanews.com
8867,vividseats.com
8868,openclassrooms.com
8869,588ku.com
8870,goodsearching.ir
8871,myswitzerland.com
8872,chosunonline.com
8873,smosh.com
8874,vandal.net
8875,baltimoresun.com
8876,tiffany.com
8877,meneame.net
8878,warpedspeed.com
8879,fab.com
8880,gartner.com
8881,g-emall.com
8882,saveur.com
8883,hightail.com
8884,propertyguru.com.sg
8885,wacom.com
8886,rabota.ua
8887,native-instruments.com
8888,befuck.com
8889,webmusic.in
8890,alukah.net
8891,lativ.com.tw
8892,nettiauto.com
8893,photodune.net
8894,zacks.com
8895,business2community.com
8896,livenation.com
8897,videoblocks.com
8898,webcamtoy.com
8899,farmsatoshi.com
8900,fishisfast.com
8901,koudaitong.com
8902,sb24.com
8903,epicstream.com
8904,asrock.com
8905,maccosmetics.com
8906,sharekhan.com
8907,domru.ru
8908,kolalwatn.net
8909,barrons.com
8910,home24.de
8911,ladbrokes.com
8912,bankofscotland.co.uk
8913,georgetown.edu
8914,emirates247.com
8915,rantsports.com
8916,avianca.com
8917,altex.ro
8918,instapage.com
8919,coles.com.au
8920,doktorsitesi.com
8921,zapmeta.co.in
8922,aliimg.com
8923,saidaonline.com
8924,linustechtips.com
8925,orlandosentinel.com
8926,mybloggertricks.com
8927,thecelebritylane.com
8928,tinyprints.com
8929,metal-archives.com
8930,vmhelp.com
8931,bamzum.com
8932,elcinema.com
8933,7a.com.cn
8934,tunisia-sat.com
8935,demonoid.pw
8936,dromadaire.com
8937,cnki.com.cn
8938,cnqiang.com
8939,hikikagami.com
8940,cpagrip.com
8941,tap.az
8942,sandisk.com
8943,bimeks.com.tr
8944,iisc.ernet.in
8945,autotrader.ca
8946,outsideonline.com
8947,daveramsey.com
8948,demotivateur.fr
8949,kotsovolos.gr
8950,slideserve.com
8951,mobile9.com
8952,baidajob.com
8953,hkej.com
8954,posta.com.tr
8955,belvoireagle.com
8956,sexgangsters.com
8957,soup.io
8958,soccersuck.com
8959,downspeedtest.com
8960,paginasamarillas.es
8961,largeporntube.com
8962,notepad-plus-plus.org
8963,xapo.com
8964,advcash.com
8965,rakugakidou.net
8966,translit.net
8967,9news.com
8968,my.gov.au
8969,ebis.ne.jp
8970,offerupnow.com
8971,cldmine.com
8972,longdo.com
8973,cam4ads.com
8974,mbusa.com
8975,lushusa.com
8976,gamevicio.com
8977,zouba.cn
8978,gigafree.net
8979,wustl.edu
8980,epicclix.com
8981,aihaoy.com
8982,marketo.com
8983,videostripe.com
8984,24au.ru
8985,asianetnews.tv
8986,mindmeister.com
8987,specout.com
8988,newsday.com
8989,locaweb.com.br
8990,naturum.ne.jp
8991,okpay.com
8992,godfruits.tv
8993,internetslang.com
8994,moveon.org
8995,loccitane.com
8996,dollarshaveclub.com
8997,yimu100.com
8998,eki-net.com
8999,tokyotosho.info
9000,qaka.info
9001,senego.com
9002,matsui.co.jp
9003,icq.com
9004,sbb.ch
9005,wallpaperup.com
9006,infoplease.com
9007,amap.com
9008,hostinger.in
9009,adpost.com
9010,blox.pl
9011,fusion.net
9012,pipi.cn
9013,justfab.com
9014,bankofthewest.com
9015,formget.com
9016,designmodo.com
9017,tantifilm.net
9018,huangdao.com
9019,kasvyksta.lt
9020,namasthetelangaana.com
9021,rhymezone.com
9022,quickteller.com
9023,wapka.me
9024,moppy.jp
9025,sofascore.com
9026,anibis.ch
9027,310tv.com
9028,quto.ru
9029,sephora.fr
9030,openssource.biz
9031,claimbtc.com
9032,giantitp.com
9033,turkcealtyazi.org
9034,essen-und-trinken.de
9035,hiweb.ir
9036,rummycircle.com
9037,mediaexpert.pl
9038,vozforums.com
9039,imlive.com
9040,fw.to
9041,boerse.to
9042,vvvdj.com
9043,nlcafe.hu
9044,realgm.com
9045,workable.com
9046,kcp.co.kr
9047,apotheken-umschau.de
9048,king5.com
9049,tmdn2015x11.com
9050,jbzd.pl
9051,gamez4tops.com
9052,nipple-img.com
9053,bloombergview.com
9054,fansided.com
9055,haberself.com
9056,lezhin.com
9057,phonegap.com
9058,5i5j.com
9087,diaoyu.com
9325,en.wordpress.com
9326,finansbank.com.tr
9327,canon-europe.com
9328,banglatribune.com
9329,dyn.com
9330,coindesk.com
9331,experienceproject.com
9332,adidas.jp
9333,williamhill.es
9334,wo99.com
9335,edf.fr
9336,usaevent.net
9337,pioncoo.net
9338,imslp.org
9339,changyou.com
9340,socialnewtab.com
9341,kaspersky.ru
9342,sega.jp
9343,vktarget.ru
9344,sitel.com.mk
9345,test.de
9346,guenstiger.de
9347,lipsum.com
9348,linkeyproject.com
9349,jpnn.com
9350,gulftalent.com
9351,color-hex.com
9352,sumomo-ch.com
9353,starmusiq.com
9354,zameen.com
9355,footyroom.com
9356,gouwo.com
9357,free-sex-video.net
9358,popcorn-time.se
9359,tradingeconomics.com
9360,meijutt.com
9361,365online.com
9362,247wallst.com
9363,steambb.com
9364,forum-auto.com
9365,anonymouse.org
9366,cgg.gov.in
9367,rebelcircus.com
9368,drsfostersmith.com
9369,iyinet.com
9370,yodesi.net
9371,thegrommet.com
9372,1hai.cn
9373,xamarin.com
9374,naukrigulf.com
9375,onlyinyourstate.com
9376,warriorplus.com
9377,dqc100.com
9378,bingj.com
9379,mcgill.ca
9380,odeon.co.uk
9381,yapfiles.ru
9382,techgig.com
9383,hanes.com
9384,indianpornvideos.com
9385,dickblick.com
9386,evz.ro
9387,freeonlinegames.com
9388,publico.pt
9389,minutouno.com
9390,ashleyfurniturehomestore.com
9391,onesafe-software.com
9392,lancers.jp
9393,mogujie.com
9394,huaren.us
9395,alfemminile.com
9396,local.ch
9397,nontonstreaming.tv
9398,mejorconsalud.com
9399,guiamais.com.br
9400,9gid.com
9401,maryland.gov
9402,freekibble.com
9403,sportsnet.ca
9404,renti11.com
9405,congan.com.vn
9406,arenabg.com
9407,carbuzz.com
9408,secure-banking.com
9409,wines-info.com
9410,vertex42.com
9411,u-mall.com.tw
9412,fetion.com.cn
9413,kemdikbud.go.id
9414,zylom.com
9415,amaebi.net
9416,beget.ru
9417,lotraffic.com
9418,carthrottle.com
9419,beiii.com
9420,lobstertube.com
9421,eat24hours.com
9422,geizhals.de
9423,jeep.com
9424,harrisbank.com
9425,newegg.ca
9426,800086.com
9427,tui.com
9428,pagomiscuentas.com
9429,b2datings.com
9430,rlsnet.ru
9431,onet.tv
9432,kriesi.at
9433,fakku.net
9434,tiki.vn
9435,avangard.ru
9436,edentraffic.com
9437,tripadvisor.com.mx
9438,stuntoffer.com
9439,india-mmm.com
9440,vivalocal.com
9441,thy.com
9442,en-japan.com
9443,aircel.com
9444,ferra.ru
9445,lorn.info
9446,bebee.com
9447,ucas.com
9448,sandai.net
9449,khamenei.ir
9450,ef.com
9451,theoutnet.com
9452,povar.ru
9453,snow-forecast.com
9454,lycos.com
9455,sdpnoticias.com
9456,1133.cc
9457,tehparadox.com
9458,nhattao.com
9459,wetpaint.com
9460,toryburch.com
9461,q8yat.com
9462,geeksforgeeks.org
9463,taboo.news
9464,kekkon-sokuho.com
9465,nd.edu
9466,cxz.to
9467,lifehacklane.com
9468,leggo.it
9469,airchina.com.cn
9470,computerhoy.com
9471,okcaller.com
9472,womanwithin.com
9473,rozklad-pkp.pl
9474,cheapassgamer.com
9475,livecareer.com
9476,emoneyspace.com
9477,eduzz.com
9478,buzzlamp.com
9479,movistarpromociones.mx
9480,worldoftanks.asia
9481,iimjobs.com
9482,prosport.ro
9483,freewebsubmission.com
9484,eu888.com
9485,gfxfree.net
9486,damimage.com
9487,pinkvilla.com
9488,paperpk.com
9489,winha.com
9490,claro.com.br
9491,plus28.com
9492,kaymu.pk
9493,popup94.ir
9494,htmlbook.ru
9495,onlineshoes.com
9496,parapolitika.gr
9497,skapiec.pl
9498,stream-tv-series.net
9499,linuxidc.com
9500,geenstijl.nl
9501,menswearhouse.com
9502,flavorwire.com
9503,matometatta-news.net
9504,pubfilm.com
9505,narkive.com
9506,mangaumaru.com
9507,cnetfrance.fr
9508,clevelandclinic.org
9509,auto-motor-und-sport.de
9510,workflowy.com
9511,ondemandkorea.com
9512,electracard.com
9513,celebuzz.com
9514,diablofans.com
9515,azubu.tv
9516,google.com.bn
9517,dti.ne.jp
9518,masaladesi.com
9519,covers.com
9520,s-oman.net
9521,dylianmeng16.info
9522,toptal.com
9523,geo.tv
9524,nikkei225jp.com
9525,pcgames.com.cn
9526,snapwidget.com
9527,lambingan.su
9528,numbeo.com
9529,ians.in
9530,renweb.com
9531,logic-immo.com
9532,preloved.co.uk
9533,sonos.com
9534,allposters.com
9535,seb.se
9536,naver.net
9537,nameberry.com
9538,open2ch.net
9539,ksdenki.com
9540,burrp.com
9541,youxi.com
9542,samba.com
9543,kyobobook.co.kr
9544,cienradios.com
9545,mingkytamo.com
9546,olymptrade.com
9547,beeradvocate.com
9548,hotntubes.com
9549,cguwan.com
9550,online-stopwatch.com
9551,zhaouc.net
9552,torontosun.com
9553,womany.net
9554,gsn.com
9555,zando.co.za
9556,gofuckbiz.com
9557,lidl.pl
9558,casio.jp
9559,sunbet4444.com
9560,sina.cn
9561,totheglory.im
9562,mytokri.com
9563,spn.com.cn
9564,ganeshaspeaks.com
9565,ga.gov
9566,iruni.ir
9567,playno1.com
9568,epicmoo.com
9569,nykaa.com
9570,paisdelosjuegos.com.mx
9571,ctbcbank.com
9572,websitewelcome.com
9573,watchuseek.com
9574,paysystem.tv
9575,commercebank.com
9576,dropant.com
9577,jino.ru
9578,tportal.hr
9579,pokemonshowdown.com
9580,9939.com
9581,gift4center.com
9582,yellowpages.com.au
9583,myfico.com
9584,mbok.jp
9585,kinja-img.com
9586,infopanel.jp
9587,netzero.net
9588,apktops.ir
9589,bayern.de
9590,airbnb.it
9591,nginx.org
9592,bongda60.com
9593,filmpertutti.click
9594,rtl.be
9595,juegosdechicas.com
9596,pron.tv
9597,novafile.com
9598,bookwalker.jp
9599,grotal.com
9600,mybloggerthemes.com
9601,denik.cz
9602,liwi.info
9603,pb.com
9604,kink.com
9605,dramalink.net
9606,atom.io
9607,ebookjapan.jp
9608,shinseibank.com
9609,oscaro.com
9610,axar.az
9611,tsutaya-adult.com
9612,ticketfly.com
9613,alexamaster.com
9614,freelogoservices.com
9615,bato.to
9616,thredup.com
9617,viewsnet.jp
9618,asahibeer.co.jp
9619,aviny.com
9620,moegirl.org
9621,dicio.com.br
9622,hqrw.com.cn
9623,rankboostup.com
9624,ilsussidiario.net
9625,dailytrust.com.ng
9626,elgoog.im
9627,sucuri.net
9628,hasil.gov.my
9629,nav.no
9630,tigerair.com
9631,navercorp.com
9632,cancan.ro
9633,aeoncinema.com
9634,javascript.ru
9635,wallapop.com
9636,bthand.com
9637,clicknupload.me
9638,barlamane.com
9639,greatschools.org
9640,3lian.com
9641,exmo.com
9642,legalporno.com
9643,paypal-community.com
9644,singpass.gov.sg
9645,davidwalsh.name
9646,baobeirt.com
9647,twickerz.com
9648,photo.net
9649,futurelearn.com
9650,tufts.edu
9651,afo-news.com
9652,violentclip.com
9653,brickset.com
9654,saisoncard-sindan.jp
9655,ghoort.ir
9656,foreignpolicy.com
9657,echosign.com
9658,mangaku.web.id
9659,expedia.co.jp
9660,springtour.com
9661,delhi.gov.in
9662,colostate.edu
9663,siteprice.org
9664,bongda365.com.vn
9665,ekikara.jp
9666,rule34.xxx
9667,opad.com.cn
9668,wipro.com
9669,eobot.com
9670,netaatoz.jp
9671,pinkbike.com
9672,droid-life.com
9673,rrbsecunderabad.nic.in
9674,fotocommunity.de
9675,stream-tv2.ag
9676,seahawks.com
9677,musicema.com
9678,jiji.ng
9679,element14.com
9680,fxstreet.com
9681,crnobelo.com
9682,wikitree.co.kr
9683,overclockers.co.uk
9684,samurai-games.net
9685,windstream.net
9686,sep.gob.mx
9687,wp.tv
9688,redetv.uol.com.br
9689,thomascook.com
9690,oclc.org
9691,tractorsupply.com
9692,twitterfeed.com
9693,eniro.se
9694,myfirstclasslife.com
9695,cmsite.co.jp
9696,jameda.de
9697,cedyna.co.jp
9698,codecguide.com
9699,cloudconvert.com
9700,weforum.org
9701,moneymappress.com
9702,virgin-atlantic.com
9703,azmoon.org
9704,dinotube.com
9705,torrents.net
9706,crackberry.com
9707,volkskrant.nl
9708,zavvi.com
9709,pc-magazin.de
9710,lainformacion.com
9711,pearsonmylabandmastering.com
9712,easydocmerge.com
9713,goldpornfilms.com
9714,zhangyu.tv
9715,indeed.com.mx
9716,elgiganten.se
9717,mop.com
9718,shoprite.com
9719,loverslab.com
9720,zarahome.com
9721,ubnt.com
9722,sanet.me
9723,takvim.com.tr
9724,thehackernews.com
9725,stage32.com
9726,guatevision.com
9727,ixquick.com
9728,sendgrid.com
9729,dailyrecord.co.uk
9730,citationmachine.net
9731,famousfootwear.com
9732,viabcp.com
9733,quickbase.com
9734,caltech.edu
9735,fydownload.com
9736,mtwebcenters.com.tw
9737,ghxadv.com
9738,4club.com
9739,similarsites.com
9740,faradeed.ir
9741,lpoint.com
9742,ipsy.com
9743,thetoc.gr
9744,yw56.com.cn
9745,ethnos.gr
9746,bukkit.org
9747,a2hosting.com
9748,tumangaonline.com
9749,2domains.ru
9750,eloqua.com
9751,kaoyan.com
9752,67160.com
9753,yota.ru
9754,gearpatrol.com
9755,41119.cn
9756,jumei.com
9757,cihan.com.tr
9758,zerx.co
9759,fshare.vn
9760,fenyucn.com
9761,gamedesign.jp
9762,ncaa.com
9763,ilovemobi.com
9764,autoanything.com
9765,cbp.gov
9766,athensvoice.gr
9767,wunderweib.de
9768,tim.com.br
9769,pikolive.com
9770,huabian.com
9771,x-rates.com
9772,iwriter.com
9773,ftc.gov
9774,ptt.gov.tr
9775,dbs.com
9776,wizaz.pl
9777,mapsofworld.com
9778,global-free-classified-ads.com
9779,modxvm.com
9780,dunelm.com
9781,state.ma.us
9782,ahlynews.com
9783,rs.gov.br
9784,parsine.com
9785,beebom.com
9786,sii.cl
9787,westjet.com
9788,proxer.me
9789,clickyab.com
9790,touchnet.com
9791,cvbankas.lt
9792,lawson.co.jp
9793,ulmons.com
9794,pinoynetwork.se
9795,opinionlab.com
9796,vkrugudruzei.ru
9797,goldenclix.com
9798,niche.com
9799,successfactors.eu
9800,penfed.org
9801,vegrecipesofindia.com
9802,hotscripts.com
9803,totalcar.hu
9804,yuvutu.com
9805,cincodias.com
9806,filmywhoop.com
9807,qudrat.com.pk
9808,deal.by
9809,checkfreeweb.com
9810,oniyomediary.com
9811,iranproud.com
9812,zlx.com.br
9813,payless.com
9814,techworm.net
9815,takarakuji-official.jp
9816,xmarks.com
9817,airbnb.com.au
9818,anastasiadate.com
9819,bicaps.net
9820,speedvideo.net
9821,mywebgrocer.com
9822,gfk.com
9823,excnn.com
9824,wat.tv
9825,reporter.mk
9826,colehaan.com
9827,ukpirate.org
9828,jdsports.co.uk
9829,ihata.ma
9830,teletalk.com.bd
9831,justmyshop.com
9832,immoral.jp
9833,primagames.com
9834,namshi.com
9835,plugrush.com
9836,lablue.de
9837,trivago.co.uk
9838,winfuture.de
9839,delhivery.com
9840,ddo.jp
9841,restaurant.com
9842,gameinformer.com
9843,googleplex.com
9844,fourhourworkweek.com
9845,altema.jp
9846,kuhao123.com
9847,novosti.rs
9848,dailysanctuary.com
9849,colourlovers.com
9850,thepiratefilmes.com
9851,adzbazar.com
9852,fishwrapper.com
9853,x100k.com
9854,films-regarder.com
9855,webvisor.com
9856,athinorama.gr
9857,bursadabugun.com
9858,smart-lab.ru
9859,americatv.com.pe
9860,troweprice.com
9861,haodou.com
9862,pooq.co.kr
9863,fotolog.com
9864,namejet.com
9865,macx.cn
9866,expertreviews.co.uk
9867,22.cn
9868,propakistani.pk
9869,careerlink.vn
9870,jetpack.me
9871,pelanhaa.ir
9872,fresherslive.com
9873,e-reading.club
9874,unblocksit.es
9875,tlen.pl
9876,livingly.com
9877,epay.info
9878,leral.net
9879,plus.pl
9880,corel.com
9881,shixon.com
9882,afamily.vn
9883,earthcam.com
9884,epfindia.com
9885,peixeurbano.com.br
9886,rincondelvago.com
9887,bbvacompass.com
9888,bochk.com
9889,bonusbitcoin.co
9890,unesco.org
9891,nus.edu.sg
9892,majalatouki.com
9893,1101.com
9894,hqew.com
9895,wallpapercave.com
9896,speedsociety.com
9897,searspartsdirect.com
9898,e-boks.dk
9899,casasyzyqyp.com
9900,forumspain.net
9901,photoshop.com
9902,feijiu.net
9903,thuocbietduoc.com.vn
9904,bancochile.cl
9905,yummy77.com
9906,themarysue.com
9907,mp3lee.com
9908,mastermovie-hd.com
9909,newssc.org
9910,band.uol.com.br
9911,hhs.gov
9912,rubyonrails.org
9913,eltrecetv.com.ar
9914,benchmarkemail.com
9915,boyfriendtv.com
9916,beenverified.com
9917,7sur7.be
9918,policybazaar.com
9919,neswangy.net
9920,onekingslane.com
9921,raywenderlich.com
9922,mydirtyhobby.com
9923,ipornia.com
9924,waze.com
9925,avito.st
9926,chrome.com
9927,myjcom.jp
9928,davidbowie.com
9929,alitalia.com
9930,emc.com
9931,distancesfrom.com
9932,alamaula.com
9933,oszone.net
9934,minfin.com.ua
9935,codeigniter.com
9936,legifrance.gouv.fr
9937,ktla.com
9938,lavoixdunord.fr
9939,zumi.pl
9940,residentadvisor.net
9941,zumiez.com
9942,2015bestnine.com
9943,asstr.org
9944,estrategiaconcursos.com.br
9945,dota2.ru
9946,paymaster.ru
9947,bankaustria.at
9948,rubias19.com
9949,ra2ej.com
9950,sokmil.com
9951,wm616.cn
9952,uoregon.edu
9953,miradetodo.com.ar
9954,warbyparker.com
9955,oakley.com
9956,flashresultats.fr
9957,graphicstock.com
9958,91jinrong.com
9959,runkeeper.com
9960,trakt.tv
9961,amiami.com
9962,tracfone.com
9963,wmrfast.com
9964,jne.co.id
9965,sgamer.com
9966,tripadvisor.co.za
9967,mlstatic.com
9968,mangalam.com
9969,kuveytturk.com.tr
9970,animoto.com
9971,bpiexpressonline.com
9972,moeimg.net
9973,minkabu.jp
9974,pearson.com
9975,myreadingmanga.info
9976,men.com
9977,zattoo.com
9978,siol.net
9979,autodoc.ru
9980,nation.co.ke
9981,fnac.pt
9982,decathlon.it
9983,re-markable.net
9984,coral.co.uk
9985,ucm.es
9986,hoovers.com
9987,hao123.cn
9988,przegladsportowy.pl
9989,olx.com.co
9990,netbarg.com
9991,ultimatix.net
9992,kk18.com
9993,nadaguides.com
9994,leadlovers.com
9995,mysearchdial.com
9996,dospy.com
9997,stream2u-tv.me
9998,suamusica.com.br
9999,onetravel.com
10000,firstcitizens.com
