4,baidu.com
8,qq.com
11,taobao.com
13,sina.com.cn
15,weibo.com
22,hao123.com
32,tmall.com
36,360.cn
37,sohu.com
42,gmw.cn
57,google.com.hk
58,tianya.cn
62,alibaba.com
69,soso.com
72,xinhuanet.com
81,cntv.cn
83,chinadaily.com.cn
91,haosou.com
97,sogou.com
106,alipay.com
119,china.com.cn
121,163.com
135,cnzz.com
136,tudou.com
141,360.com
143,amazon.cn
165,detail.tmall.com
184,bilibili.com
188,google.cn
199,tlbb8.com
203,51.la
206,babytree.com
212,yesky.com
230,zol.com.cn
234,zhihu.com
243,youth.cn
245,bitauto.com
246,xywy.com
248,ifeng.com
249,oeeee.com
257,huanqiu.com
273,kouclo.com
276,caijing.com.cn
299,mama.cn
311,1905.com
318,1688.com
320,cnnic.cn
324,51yes.com
330,enet.com.cn
348,yaolan.com
349,ce.cn
356,eastday.com
357,iqiyi.com
361,watsons.tmall.com
369,adidas.tmall.com
384,chaoshi.tmall.com
389,douyutv.com
394,lady8844.com
395,baike.com
406,39.net
452,17ok.com
453,xunlei.com
459,k618.cn
466,csdn.net
475,youboy.com
503,chinaz.com
535,hupu.com
550,cnbeta.com
569,alexa.cn
571,rednet.cn
585,youdao.com
594,123cha.com
612,jrj.com.cn
614,ci123.com
621,12306.cn
640,315che.com
651,stockstar.com
653,chinaso.com
654,list.tmall.com
655,alicdn.com
656,mi.com
657,to8to.com
660,voc.com.cn
663,douban.com
664,cnmo.com
671,acfun.tv
677,egou.com
678,21cn.com
679,suning.com
687,eastmoney.com
699,fanli.com
701,kdnet.net
730,sq.cn
748,51sole.com
751,cnblogs.com
753,cqnews.net
770,epweike.com
783,metroer.com
788,gamersky.com
804,imobile.com.cn
809,58.com
841,qunar.com
844,126.com
854,16lao.com
878,huya.com
893,quanjing.com
895,aliyun.com
915,workercn.cn
934,huaban.com
959,qidian.com
961,gongchang.com
965,189.cn
968,dianping.com
991,114la.com
1000,17track.net
1011,ccb.com
1021,southcn.com
1023,qingdaonews.com
1030,3dmgame.com
1048,buy.tmall.com
1063,etao.com
1070,525j.com.cn
1078,chekb.com
1091,niuche.com
1104,duba.com
1107,cdstm.cn
1111,familydoctor.com.cn
1144,jia.com
1154,v1.cn
1165,tgbus.com
1180,takungpao.com
1183,caixin.com
1185,focus.cn
1187,douguo.com
1201,4399.com
1220,2345.com
1254,ctrip.com
1278,zhaopin.com
1302,oschina.net
1317,icolor.com.cn
1324,duowan.com
1327,globaltimes.cn
1332,ivc.cn
1335,dhl.com
1342,pconline.com.cn
1343,xiami.com
1377,anjuke.com
1383,wanyh.com
1427,admaimai.com
1436,renren.com
1451,nipic.com
1453,hexun.com
1462,emao.com
1475,autohome.com.cn
1493,sou300.com
1494,yhd.com
1505,go2000.com
1517,mydrivers.com
1527,chiphell.com
1530,p5w.net
1532,feng.com
1539,jqw.com
1578,docin.com
1594,17173.com
1614,gougou.com
1631,panda.tv
1633,fanhuan.com
1635,jb51.net
1641,1111.tmall.com
1650,360doc.com
1655,28.com
1680,ceconline.com
1715,smzdm.com
1739,icbc.com.cn
1753,meishichina.com
1756,skycn.com
1767,fang.com
1769,iciba.com
1774,jiameng.com
1779,vsuch.com
1793,qianlong.com
1806,10086.cn
1821,cankaoxiaoxi.com
1845,sznews.com
1862,ns5n.com
1863,zimuzu.tv
1895,miui.com
1901,kuwo.cn
1916,ali213.net
1926,trade.tmall.com
1928,pps.tv
1932,17k.com
1943,meituan.com
1946,brides.com.cn
1968,world.tmall.com
1978,bttiantang.com
1979,5dcar.com
1984,vip.com
1985,huawei.com
1992,zybang.com
2019,51job.com
2023,house365.com
2025,abchina.com
2042,jia360.com
2063,51cto.com
2129,chooseauto.com.cn
2131,makepolo.com
2135,exam8.com
2141,51auto.com
2165,58pic.com
2174,alimama.com
2191,cnki.net
2203,xueqiu.com
2220,ccb.com.cn
2227,jz123.cn
2236,doc88.com
2253,b2b.cn
2261,gome.com.cn
2277,178.com
2284,luxtarget.com
2287,120ask.com
2292,zhibo8.cc
2295,newsmth.net
2298,onlylady.com
2308,zcool.com.cn
2317,jmw.com.cn
2334,cmbchina.com
2336,lvmama.com
2339,atpanel.com
2353,baomihua.com
2359,mtime.com
2387,eol.cn
2408,365jia.cn
2409,tmall.hk
2411,netcoc.com
2412,dmzj.com
2414,aizhan.com
2430,07073.com
2456,dxy.cn
2476,dytt8.net
2479,xiaomi.com
2501,taoche.com
2539,baiducontent.com
2545,alitrip.com
2577,cyol.com
2578,ebrun.com
2586,18374ir.com
2596,xiu.com
2605,ynet.com
2628,xinjunshi.com
2642,wangtu.com
2646,emuch.net
2657,weather.com.cn
2668,sinaimg.cn
2675,joyme.com
2681,jjwxc.net
2705,cn2che.com
2709,xjtour.com
2720,so.com
2740,mplife.com
2751,jxntv.cn
2808,scol.com.cn
2811,ycwb.com
2812,iteye.com
2815,jxnews.com.cn
2828,ccidnet.com
2836,wtoip.com
2842,fudan.edu.cn
2844,ea3w.com
2845,soku.com
2855,jstv.com
2861,mp4ba.com
2867,ku6.com
2880,brtn.cn
2892,top81.com.cn
2895,sf-express.com
2897,taikang.com
2909,w3school.com.cn
2943,xs8.cn
2950,mafengwo.cn
2991,51hejia.com
2992,pchome.net
3006,onlinedown.net
3013,ithome.com
3033,yiqifa.com
3075,appgame.com
3076,beva.com
3077,camfrog.com
3079,gfan.com
3080,5usport.com
3082,yohoboys.com
3091,zhanqi.tv
3102,chewen.com
3110,91jm.com
3130,login.tmall.com
3142,99114.com
3157,jd.hk
3158,lofter.com
3160,binzhi.com
3170,yohogirls.com
3173,mangocity.com
3177,alibaba-inc.com
3199,83suncity.com
3205,cnhubei.com
3231,78.cn
3265,80018.cn
3273,vipgouyouhui.com
3276,fzg360.com
3292,mycar168.com
3297,bigccq.cn
3298,cs.com.cn
3302,toutiao.com
3305,sssc.cn
3314,10010.com
3325,viidii.info
3326,chengdu.cn
3335,huihui.cn
3355,92lux.cn
3367,wankr.com.cn
3369,yinhang.com
3406,dy2018.com
3407,176.com
3421,duomai.com
3432,autotimes.com.cn
3441,pcauto.com.cn
3447,aicheren.com
3453,shihuo.cn
3491,hudong.com
3494,nuomi.com
3499,265.com
3507,bankcomm.com
3508,gao7.com
3515,7k7k.com
3516,jandan.net
3518,miercn.com
3520,zhifang.com
3529,kugou.com
3537,bzw315.com
3539,2670.com
3541,yunfile.com
3566,18183.com
3580,10jqka.com.cn
3614,xdf.cn
3626,cri.cn
3630,cncn.org.cn
3648,chinaunix.net
3672,ooopic.com
3695,artron.net
3703,yunpan.cn
3725,b2social.cn
3756,hnjy.com.cn
3762,guokr.com
3777,d1ev.com
3785,864321.com
3791,kaiwind.com
3797,ch.com
3798,17zwd.com
3803,nga.cn
3830,hoolo.tv
3836,01ny.cn
3850,ems.com.cn
3855,51seer.com
3860,xiamp4.com
3862,lagou.com
3864,javmoo.xyz
3877,24home.com
3886,a9vg.com
3893,soufun.com
3915,yxdown.com
3935,yixun.com
3937,xitek.com
3945,dv37.com
3946,guancha.cn
3968,3dwwwgame.com
4000,52pk.com
4002,pc6.com
4021,csair.com
4023,iiyi.com
4039,chuandong.com
4046,d1net.com
4054,dygang.com
4057,aili.com
4067,yy.com
4081,360kan.com
4091,qyer.com
4096,verycd.com
4112,babyschool.com.cn
4114,999120.net
4117,zaobao.com
4125,gongkong.com
4136,95599.cn
4137,dbw.cn
4181,cyzone.cn
4185,9ku.com
4201,chinanews.com
4204,gucheng.com
4214,pengpeng.com
4227,vmall.com
4232,imooc.com
4235,yinyuetai.com
4236,sdo.com
4262,ca168.com
4274,lenovo.com.cn
4275,jiayuan.com
4288,pep.com.cn
4289,jiwu.com
4293,bozhong.com
4301,pcbeta.com
4303,haiwainet.cn
4306,mr-guangdong.com
4309,umeng.com
4312,juooo.com
4313,bt2mag.com
4321,msn.com.cn
4327,brand.tmall.com
4329,vip.tmall.com
4336,kafan.cn
4339,lxwxw.com
4341,16888.com
4344,cutv.com
4346,tower.im
4362,zhe800.com
4365,chinanetrank.com
4372,wanyx.com
4384,morningpost.com.cn
4395,xiaoshuomm.com
4402,36kr.com
4403,kuaidi100.com
4406,paipai.com
4416,go108.com.cn
4417,yiwugou.com
4418,cheaa.com
4440,ratewrite.tmall.com
4441,iyaxin.com
4448,antpedia.com
4460,99wed.com
4463,liepin.com
4472,ttmeiju.com
4474,ctfile.com
4476,booksky.org
4482,chsi.com.cn
4483,i1515.com
4489,znds.com
4506,miltt.com
4513,saraba1st.com
4524,wenkang.cn
4535,gxsky.com
4541,seedit.com
4542,sggc.com.cn
4574,geekbuying.com
4593,666nf.com
4594,princeton.edu
4602,winshang.com
4604,9lwan.com
4615,hixgo.com
4616,kxg99.com
4629,tuikuan.tmall.com
4633,ilvyou.cc
4636,115.com
4646,cityhouse.cn
4662,gusuwang.com
4677,1hhhh.net
4723,800hr.com
4724,fangdd.com
4734,tuniu.com
4759,55haitao.com
4776,sonhoo.com
4779,zxart.cn
4790,ed2000.com
4801,lalamao.com
4807,banma.com
4814,youxixiazai.org
4824,pintu360.com
4826,hebei.com.cn
4836,zhcw.com
4837,bnf76d.com
4851,shlandscape.com
4852,cnr.cn
4853,kimiss.com
4857,tjmama.com
4863,17iw.com
4874,9281.net
4895,wanfangdata.com.cn
4913,tiankong.com
4920,ktone.cn
4921,pages.tmall.com
4937,9666.cn
4951,sanguosha.com
4958,jschina.com.cn
4960,pf178.com
4964,kaola.com
4966,365jilin.com
4967,dict.cn
4973,qq5.com
4977,baihe.com
4983,fx678.com
4987,qinqinbaby.com
4988,zx555.net
4992,v2ex.com
4994,pptv.com
4996,kongzhong.com
5000,ibuying.com
5007,u17.com
5013,jiemian.com
5026,xxhh.com
5031,flyertea.com
5037,qqbaobao.com
5039,yoka.com
5049,hjenglish.com
5055,shlac.com
5061,kankan.com
5063,cr173.com
5082,kindle114.com
5085,ujipin.com
5086,letv.com
5128,win007.com
5132,19lou.com
5167,9966.org
5172,xinmin.cn
5173,mybrand.tmall.com
5175,gamedog.cn
5186,h65dc.com
5189,qbao.com
5193,mgpyh.com
5212,game2.com.cn
5227,transrush.com
5235,qqnz.com
5238,5114.cn
5242,99.com.cn
5243,021lh.net
5257,52down.com
5262,6vhao.com
5276,ca800.com
5280,qihoo.com
5287,51gxqm.com
5299,cn163.net
5302,battlenet.com.cn
5313,hkwb.net
5319,wed114.cn
5338,pcmfw.com
5340,ingdan.com
5343,segmentfault.com
5345,qqt38.com
5363,7pud.com
5370,21-sun.com
5374,acesse.com
5386,modernweekly.com
5390,thinkworld.com.cn
5394,dzwww.com
5403,dmhy.org
5406,93959.com
5408,56.com
5409,ule.com
5413,lianjia.com
5414,youxiduo.com
5421,1ting.com
5429,17house.com
5441,cncmax.cn
5452,cctv.com
5458,cncv.org.cn
5462,hnzxyy.com
5473,hc360.com
5522,537.com
5548,d1com.com
5552,61baobao.com
5575,11467.com
5581,38522.com
5584,ytbbs.com
5593,xici.net
5608,paixie.net
5622,segou456.info
5629,keng94.com
5631,linktech.cn
5635,daydays.com
5638,trends.com.cn
5639,zhicom.cn
5643,cps.com.cn
5653,efu.com.cn
5659,womai.com
5673,photofans.cn
5689,kdslife.com
5706,tiancity.com
5720,fj-n-tax.gov.cn
5730,95516.com
5735,gongchang.cn
5767,firefoxchina.cn
5777,ibicn.com
5793,els-cdn.com
5794,meizu.com
5819,wechat.com
5822,oyeting.com
5839,xiaomi.cn
5842,xiaoshuo520.com
5852,yzforex.com
5853,jmys168.com
5865,gh0089.com
5869,33lc.com
5870,pcbaby.com.cn
5877,776la.com
5881,siilu.com
5884,jiyoujia.com
5898,jc001.cn
5899,taisha.org
5903,chaduo.com
5904,zhong5.cn
5906,zealer.com
5920,51saier.cn
5921,99inf.com
5927,uszcn.com
5931,kanqite.com
5939,wugu.com.cn
5942,koubei.com
5954,77shu.com
5960,ewirn45.com
5966,huatu.com
5972,ie57.com
5983,7-hotel.com
6005,souqiantu.com
6008,51credit.com
6017,at160.com
6026,steamcn.com
6029,ip138.com
6032,uc.cn
6058,pinggu.org
6096,qianxs.com
6113,cheshen.cn
6115,180wan.com
6120,ishangman.com
6121,sohao123.com
6155,9384.com
6156,dephp.com
6160,blog.163.com
6172,hi-pda.com
6181,pv-ip.com
6185,mylovewebs.com
6194,admin5.com
6210,huxiu.com
6221,qdmama.net
6245,neu6.edu.cn
6247,87087.com
6273,neonan.com
6276,dzsc.com
6277,71.net
6286,cloudscar.com
6288,2mnd56.com
6295,qdmm.com
6298,cwan.com
6309,zuanke8.com
6311,smartisan.com
6312,sjtu.edu.cn
6316,xiazaiba.com
6322,c118c.cn
6331,5pao.com
6339,i4455.com
6361,kkbobo.com
6373,shejis.com
6375,qinbei.com
6403,linkshop.com.cn
6406,zhulang.com
6408,xiachufang.com
6411,tuicool.com
6413,51bi.com
6428,ccidcom.com
6431,duba.net
6462,920gg.com
6473,cqsq.com
6518,docer.com
6527,anxin.com
6531,qgqm.net.cn
6533,dgtle.com
6536,400zg.com
6545,forex.com.cn
6551,loldytt.com
6561,365jz.info
6570,go300.com
6588,tenpay.com
6592,cnnewmusic.com
6596,aguo.com
6598,nzw.cn
6600,ebay.com.hk
6605,bo300.com
6620,6783.com
6641,t66y.com
6643,hellopower.cn
6644,eqxiu.com
6649,222nf.com
6656,arting365.com
6669,topfo.com
6672,eq28.cn
6678,go2000.cn
6690,mmloo.com
6694,qqyxwg.com
6695,liqu.com
6716,biquge.la
6724,showoff.com.cn
6736,52pojie.cn
6745,oa.com
6748,weibo.cn
6759,meidebi.com
6762,yougou.com
6779,jkchiis.com
6781,zjol.com.cn
6794,1188.com
6810,9miao.com
6816,letsebuy.com
6826,mbalib.com
6835,39yst.com
6851,95081.com
6854,cnw.com.cn
6863,tsinghua.edu.cn
6886,360safe.com
6910,xilu.com
6925,ih5.cn
6935,ibabyzone.cn
6936,btbbt.cc
6938,maxtv.cn
6952,23wx.com
6967,thepaper.cn
6980,eyao.com.cn
6988,977ai.com
6991,www.gov.cn
6998,cib.com.cn
