1,google.com,United States
3,youtube.com,United States
6,amazon.com,United States
7,wikipedia.org,United States
8,qq.com,China
9,google.co.in,India
10,twitter.com,United States
11,taobao.com,China
12,live.com,United States
13,sina.com.cn,China
14,yahoo.co.jp,Japan
15,weibo.com,China
16,msn.com,United States
17,google.co.jp,Japan
18,vk.com,Russia
19,bing.com,United States
20,yandex.ru,Russia
21,linkedin.com,United States
22,hao123.com,China
23,ebay.com,United States
24,amazon.co.jp,Japan
26,google.de,Germany
28,google.co.uk,United Kingdom
29,t.co,United States
31,reddit.com,United States
32,tmall.com,China
33,netflix.com,United States
34,google.ru,Russia
35,google.com.br,Brazil
36,360.cn,China
37,sohu.com,China
38,paypal.com,United States
39,google.fr,France
40,microsoft.com,United States
41,tumblr.com,United States
42,gmw.cn,China
43,wordpress.com,United States
44,imgur.com,United States
45,imdb.com,United States
47,google.it,Italy
48,onclickads.net,Indonesia
49,google.es,Spain
50,aliexpress.com,Russia
51,apple.com,United States
52,ask.com,United States
53,ok.ru,Russia
54,xvideos.com,Japan
55,amazon.de,Germany
57,google.com.hk,China
58,tianya.cn,China
60,diply.com,Canada
61,bongacams.com,Czech Republic
62,alibaba.com,China
63,google.ca,Canada
64,stackoverflow.com,India
65,amazon.co.uk,United Kingdom
66,rakuten.co.jp,Japan
67,google.com.tr,Turkey
69,soso.com,China
72,xinhuanet.com,China
73,blogger.com,India
74,craigslist.org,United States
75,kat.cr,India
76,amazon.in,India
77,google.co.id,Indonesia
78,nicovideo.jp,Japan
79,outbrain.com,United States
80,office.com,United States
81,cntv.cn,China
83,chinadaily.com.cn,China
87,google.com.au,Australia
89,coccoc.com,Vietnam
91,haosou.com,China
93,googleusercontent.com,United States
95,bbc.co.uk,United Kingdom
96,adobe.com,United States
97,sogou.com,China
100,espn.go.com,United States
102,dropbox.com,United States
104,chase.com,United States
105,indiatimes.com,India
106,alipay.com,China
107,google.com.sa,Saudi Arabia
108,whatsapp.com,India
110,ebay.co.uk,United Kingdom
111,ebay.de,Germany
112,nytimes.com,United States
114,google.com.eg,Egypt
115,dailymotion.com,Pakistan
119,china.com.cn,China
120,popads.net,India
123,walmart.com,United States
124,dailymail.co.uk,United States
125,microsoftonline.com,United States
126,google.com.ar,Argentina
127,xnxx.com,India
128,bankofamerica.com,United States
129,google.nl,Netherlands
130,twitch.tv,United States
131,buzzfeed.com,United States
132,google.com.pk,Pakistan
133,huffingtonpost.com,United States
134,ameblo.jp,Japan
135,cnzz.com,China
136,tudou.com,China
137,cnet.com,United States
138,blogspot.in,India
139,amazon.fr,France
141,360.com,China
142,terraclicks.com,India
143,amazon.cn,China
144,quora.com,India
145,directrev.com,India
146,etsy.com,United States
147,amazon.it,Italy
149,wellsfargo.com,United States
150,weather.com,United States
151,aol.com,United States
152,soundcloud.com,United States
153,adf.ly,Indonesia
154,amazonaws.com,United States
155,daum.net,South Korea
156,yelp.com,United States
157,globo.com,Brazil
158,nametests.com,United States
159,naver.jp,Japan
160,google.co.za,South Africa
161,youm7.com,Egypt
162,target.com,United States
163,bestbuy.com,United States
164,theguardian.com,United States
165,detail.tmall.com,China
166,kakaku.com,Japan
167,flickr.com,United States
168,tradeadexchange.com,India
169,steampowered.com,United States
170,vice.com,United States
171,txxx.com,United States
172,snapdeal.com,India
173,google.gr,Greece
174,redtube.com,United States
175,indeed.com,United States
176,forbes.com,United States
177,steamcommunity.com,United States
178,zillow.com,United States
179,avito.ru,Russia
180,ikea.com,United States
181,goo.ne.jp,Japan
182,stackexchange.com,United States
183,detik.com,Indonesia
184,bilibili.com,China
185,youporn.com,United States
186,google.com.ua,Ukraine
188,google.cn,China
189,theladbible.com,United Kingdom
190,gfycat.com,United States
191,reimageplus.com,Mexico
192,taboola.com,United States
193,9gag.com,India
194,usps.com,United States
195,godaddy.com,India
196,amazon.es,Spain
197,feedly.com,United States
198,slideshare.net,India
199,tlbb8.com,China
200,skype.com,United States
201,tripadvisor.com,United States
202,mozilla.org,United States
203,51.la,China
205,vimeo.com,United States
206,babytree.com,China
207,americanexpress.com,United States
208,torrentz.eu,India
209,pixiv.net,Japan
210,livejournal.com,Russia
211,mediafire.com,India
212,yesky.com,China
213,uptodown.com,Mexico
214,akamaihd.net,India
215,adplxmd.com,Japan
216,about.com,United States
217,foxnews.com,United States
218,softonic.com,India
219,ups.com,United States
220,comcast.net,United States
221,allegro.pl,Poland
222,hclips.com,United States
223,google.ro,Romania
224,wikihow.com,United States
225,liputan6.com,Indonesia
226,deviantart.com,United States
227,google.com.sg,Singapore
228,web.de,Germany
229,google.be,Belgium
230,zol.com.cn,China
231,washingtonpost.com,United States
232,salesforce.com,United States
233,orange.fr,France
234,zhihu.com,China
235,hdfcbank.com,India
236,onet.pl,Poland
237,gamer.com.tw,Taiwan
238,secureserver.net,India
239,gmx.net,Germany
240,homedepot.com,United States
241,speedtest.net,India
242,udn.com,Taiwan
243,youth.cn,China
244,loading-delivery2.com,Japan
245,bitauto.com,China
246,xywy.com,China
247,google.com.ph,Philippines
248,ifeng.com,China
249,oeeee.com,China
250,putlocker.is,United States
251,mystart.com,Indonesia
252,wordpress.org,India
253,force.com,United States
254,google.com.co,Colombia
255,telegraph.co.uk,United States
256,w3schools.com,India
257,huanqiu.com,China
258,google.com.ng,Nigeria
259,google.se,Sweden
260,rambler.ru,Russia
261,spotify.com,United States
262,goodreads.com,United States
263,wix.com,United States
264,xfinity.com,United States
265,google.at,Austria
266,wikimedia.org,United States
267,paytm.com,India
268,xuite.net,Taiwan
269,capitalone.com,United States
270,onlinesbi.com,India
271,slickdeals.net,United States
272,icicibank.com,India
273,kouclo.com,China
274,blog.jp,Japan
275,archive.org,India
276,caijing.com.cn,China
277,doorblog.jp,Japan
278,github.io,India
279,t-online.de,Germany
281,fedex.com,United States
282,groupon.com,United States
284,ndtv.com,India
285,themeforest.net,India
286,seznam.cz,Czech Republic
287,businessinsider.com,United States
288,kaskus.co.id,Indonesia
289,nih.gov,United States
290,hulu.com,United States
291,macys.com,United States
292,addthis.com,United States
293,google.ae,United Arab Emirates
294,sourceforge.net,United States
295,eksisozluk.com,Turkey
297,shutterstock.com,India
298,fbcdn.net,United States
301,google.pt,Portugal
303,wp.pl,Poland
304,youtube-mp3.org,United States
306,weebly.com,United States
307,accuweather.com,United States
308,hp.com,United States
309,mega.nz,Brazil
310,amazon.ca,Canada
311,1905.com,China
312,nfl.com,United States
313,media.tumblr.com,United States
314,google.az,Azerbaijan
315,twimg.com,Japan
316,ltn.com.tw,Taiwan
317,google.ch,Switzerland
318,1688.com,China
319,usatoday.com,United States
320,cnnic.cn,China
321,abs-cbn.com,Philippines
322,samsung.com,United States
323,att.com,United States
324,51yes.com,China
325,chaturbate.com,United States
326,rutracker.org,Russia
327,webmd.com,United States
328,2ch.net,Japan
329,liveadexchanger.com,India
330,enet.com.cn,China
331,sabah.com.tr,Turkey
332,mercadolivre.com.br,Brazil
333,zendesk.com,United States
334,sberbank.ru,Russia
335,onedio.com,Turkey
336,badoo.com,France
337,google.cz,Czech Republic
338,kohls.com,United States
339,icloud.com,United States
340,ign.com,United States
341,google.com.bd,Bangladesh
342,gizmodo.com,United States
343,espncricinfo.com,India
344,verizonwireless.com,United States
345,gsmarena.com,India
346,allrecipes.com,United States
347,rediff.com,India
348,yaolan.com,China
349,ce.cn,China
350,ebay.in,India
351,intuit.com,United States
352,avg.com,United States
353,mailchimp.com,United States
354,bloomberg.com,United States
355,playstation.com,Japan
356,eastday.com,China
357,iqiyi.com,China
358,doublepimp.com,United States
359,mashable.com,United States
360,google.hu,Hungary
361,watsons.tmall.com,China
362,conservativetribune.com,United States
363,blogfa.com,Iran
364,popcash.net,Indonesia
365,dmm.com,Japan
366,answers.com,United States
367,dell.com,United States
368,tistory.com,South Korea
369,adidas.tmall.com,China
370,jabong.com,India
371,flirchi.com,Brazil
372,stumbleupon.com,India
373,kinogo.co,Russia
374,google.co.il,Israel
375,milliyet.com.tr,Turkey
376,google.ie,Ireland
377,impress.co.jp,Japan
378,kinopoisk.ru,Russia
379,wsj.com,United States
380,evernote.com,United States
381,engadget.com,United States
382,bet365.com,Spain
383,siteadvisor.com,Germany
384,chaoshi.tmall.com,China
385,thepiratebay.se,United States
386,livedoor.biz,Japan
387,quikr.com,India
388,sahibinden.com,Turkey
389,douyutv.com,China
390,tube8.com,United States
391,spaceshipads.com,Indonesia
392,google.cl,Chile
393,livedoor.com,Japan
394,lady8844.com,China
395,baike.com,China
396,varzesh3.com,Iran
397,irctc.co.in,India
398,google.dz,Algeria
399,hootsuite.com,United States
400,shopclues.com,India
401,newegg.com,United States
402,pinimg.com,United States
403,wordreference.com,Spain
404,bild.de,Germany
405,likes.com,United States
406,39.net,China
407,savefrom.net,India
408,thesaurus.com,United States
409,nordstrom.com,United States
410,reuters.com,United States
411,citi.com,United States
412,medium.com,United States
413,spiegel.de,Germany
414,lifehacker.com,United States
415,yandex.ua,Ukraine
416,bleacherreport.com,United States
417,hurriyet.com.tr,Turkey
418,trello.com,United States
419,teepr.com,Taiwan
420,bukalapak.com,Indonesia
421,retailmenot.com,United States
422,google.no,Norway
423,gearbest.com,United States
425,kompas.com,Indonesia
426,google.co.ve,Venezuela
427,ebay.it,Italy
428,doubleclick.net,United States
429,vid.me,United States
430,gameforge.com,Germany
431,chip.de,Germany
432,goal.com,Nigeria
434,extratorrent.cc,India
437,wunderground.com,United States
438,libero.it,Italy
439,4shared.com,Brazil
440,ameba.jp,Japan
441,battle.net,United States
442,meaww.com,United States
443,gap.com,United States
445,cloudfront.net,United States
446,lowes.com,United States
447,nyaa.se,Japan
448,rt.com,Russia
450,ask.fm,Russia
452,17ok.com,China
453,xunlei.com,China
454,urdupoint.com,Pakistan
456,hatena.ne.jp,Japan
457,ebay.com.au,Australia
459,k618.cn,China
460,airbnb.com,United States
461,slack.com,United States
462,marca.com,Spain
463,independent.co.uk,United States
464,yodobashi.com,Japan
466,csdn.net,China
467,rottentomatoes.com,United States
470,google.fi,Finland
475,youboy.com,China
476,udemy.com,India
477,xda-developers.com,United States
478,google.sk,Slovakia
479,discovercard.com,United States
480,foodnetwork.com,United States
481,nbcnews.com,United States
482,xl415.com,Iran
483,free.fr,France
485,olx.in,India
486,ancestry.com,United States
487,xe.com,India
488,friv.com,Argentina
489,photobucket.com,United States
490,taleo.net,United States
491,fandango.com,United States
492,oracle.com,United States
493,fiverr.com,India
494,abcnews.go.com,United States
495,reference.com,United States
496,patch.com,United States
497,tabelog.com,Japan
498,fitbit.com,United States
499,wish.com,United States
500,infusionsoft.com,United States
501,lenovo.com,United States
503,chinaz.com,China
504,woot.com,United States
506,nike.com,United States
507,ebates.com,United States
509,subscene.com,Saudi Arabia
510,mobile.de,Germany
511,xbox.com,United States
513,nifty.com,Japan
514,repubblica.it,Italy
515,predictivadvertising.com,Indonesia
516,digikala.com,Iran
517,google.com.vn,Vietnam
518,google.dk,Denmark
519,buzzfil.net,France
520,zomato.com,India
521,momoshop.com.tw,Taiwan
523,bookmyshow.com,India
524,time.com,United States
525,inspsearch.com,Brazil
526,ppomppu.co.kr,South Korea
527,realtor.com,United States
528,so-net.ne.jp,Japan
529,billdesk.com,India
530,kickstarter.com,United States
531,airtel.in,India
532,theverge.com,United States
533,sears.com,United States
534,fidelity.com,United States
535,hupu.com,China
536,tokopedia.com,Indonesia
537,uploaded.net,Japan
538,ensonhaber.com,Turkey
539,seesaa.net,Japan
540,verizon.com,United States
541,yallakora.com,Egypt
542,sabq.org,Saudi Arabia
543,thefreedictionary.com,United States
544,meetup.com,United States
545,beeg.com,United States
546,overstock.com,United States
547,giphy.com,United States
548,twoo.com,India
549,freepik.com,India
550,cnbeta.com,China
551,custhelp.com,United States
552,azlyrics.com,United States
553,nownews.com,Taiwan
554,zippyshare.com,India
555,aparat.com,Iran
556,blogspot.jp,Japan
557,microsoftstore.com,United States
558,hespress.com,Morocco
559,messenger.com,United States
560,albawabhnews.com,Egypt
561,gmarket.co.kr,South Korea
562,sakura.ne.jp,Japan
563,zara.com,United States
564,southwest.com,United States
565,thekitchn.com,United States
566,thesportbible.com,United Kingdom
567,cbsnews.com,United States
568,people.com,United States
569,alexa.cn,China
570,moneycontrol.com,India
571,rednet.cn,China
572,gismeteo.ru,Russia
573,wayfair.com,United States
574,scribd.com,India
575,instructables.com,United States
576,ero-advertising.com,Netherlands
577,hotels.com,United States
578,elmundo.es,Spain
579,okezone.com,Indonesia
580,bhaskar.com,India
581,adp.com,United States
582,justdial.com,India
583,hatenablog.com,Japan
584,rdsa2012.com,Indonesia
585,youdao.com,China
586,box.com,United States
587,yandex.kz,Kazakhstan
588,yandex.com.tr,Turkey
589,roblox.com,United States
590,techcrunch.com,United States
591,mirror.co.uk,United Kingdom
592,cookpad.com,Japan
593,clien.net,South Korea
594,123cha.com,China
595,trulia.com,United States
596,lifebuzz.com,United States
597,kayak.com,United States
598,itmedia.co.jp,Japan
599,plarium.com,Russia
600,asus.com,United States
601,makemytrip.com,India
602,kijiji.ca,Canada
603,myway.com,United States
604,jimdo.com,France
605,mydomainadvisor.com,Indonesia
606,warmportrait.com,Brazil
607,nhadatso.com,Vietnam
608,disqus.com,United States
609,nhk.or.jp,Japan
610,ca.gov,United States
611,cbssports.com,United States
612,jrj.com.cn,China
613,pof.com,United States
614,ci123.com,China
615,mixi.jp,Japan
616,r10.net,Turkey
617,mercadolibre.com.ar,Argentina
618,upwork.com,India
619,yenisafak.com,Turkey
620,pcmag.com,United States
621,12306.cn,China
622,bhphotovideo.com,United States
623,vnexpress.net,Vietnam
624,pch.com,United States
625,indianexpress.com,India
626,drudgereport.com,United States
627,jcpenney.com,United States
628,intoday.in,India
629,corriere.it,Italy
630,hdzog.com,United States
631,urbandictionary.com,United States
632,usaa.com,United States
633,biglobe.ne.jp,Japan
634,npr.org,United States
635,eonline.com,United States
636,norton.com,United States
637,wikiwiki.jp,Japan
638,neobux.com,Portugal
639,squarespace.com,United States
640,315che.com,China
641,11st.co.kr,South Korea
642,okcupid.com,United States
643,timeanddate.com,United States
644,surveymonkey.com,United States
645,staples.com,United States
646,aa.com,United States
647,dropbooks.tv,Japan
648,ytimg.com,India
649,zing.vn,Vietnam
651,stockstar.com,China
652,sharepoint.com,United States
653,chinaso.com,China
654,list.tmall.com,China
655,alicdn.com,China
656,mi.com,China
657,to8to.com,China
658,bomb01.com,Taiwan
659,worldlifestyle.com,United States
660,voc.com.cn,China
661,asahi.com,Japan
662,google.com.my,Malaysia
663,douban.com,China
664,cnmo.com,China
665,duckduckgo.com,United States
666,faithtap.com,United States
667,thewatchseries.to,United States
668,cdiscount.com,France
669,agar.io,United States
670,latimes.com,United States
671,acfun.tv,China
672,gamepedia.com,United States
673,india.com,India
674,subito.it,Italy
675,e-hentai.org,Japan
676,netteller.com,United States
677,egou.com,China
678,21cn.com,China
679,suning.com,China
680,sh.st,India
681,megapopads.com,India
682,zoho.com,India
683,houzz.com,United States
684,myfitnesspal.com,United States
685,coursera.org,United States
686,interia.pl,Poland
687,eastmoney.com,China
688,change.org,United States
689,leagueoflegends.com,United States
690,clipconverter.cc,India
691,lenta.ru,Russia
692,taringa.net,Argentina
693,yadi.sk,Russia
694,howtogeek.com,United States
695,gmanetwork.com,Philippines
696,delta.com,United States
697,nikkei.com,Japan
698,ebay.fr,France
699,fanli.com,China
700,gigazine.net,Japan
701,kdnet.net,China
702,walgreens.com,United States
703,tmz.com,United States
704,donga.com,South Korea
705,codecanyon.net,India
706,cnbc.com,United States
707,shareasale.com,United States
708,infoseek.co.jp,Japan
709,wp.com,India
710,swagbucks.com,United States
711,ew.com,United States
712,slate.com,United States
713,atwiki.jp,Japan
714,constantcontact.com,United States
715,emol.com,Chile
716,tsite.jp,Japan
717,usbank.com,United States
718,filehippo.com,India
721,fanpage.gr,Greece
722,commentcamarche.net,France
723,4dsply.com,United States
724,kooora.com,Saudi Arabia
725,elmogaz.com,Egypt
726,statcounter.com,India
727,shaparak.ir,Iran
728,argos.co.uk,United Kingdom
729,nydailynews.com,United States
730,sq.cn,China
731,gutefrage.net,Germany
732,java.com,United States
733,gamespot.com,United States
734,chron.com,United States
735,givemesport.com,United Kingdom
736,investing.com,Russia
740,google.lk,Sri Lanka
741,youjizz.com,United States
742,zone-telechargement.com,France
743,superuser.com,United States
744,mydala.com,India
745,biobiochile.cl,Chile
746,nexusmods.com,United States
747,hostgator.com,India
748,51sole.com,China
749,weather.gov,United States
750,sex.com,United States
751,cnblogs.com,China
752,weblio.jp,Japan
753,cqnews.net,China
754,agoda.com,Thailand
755,asana.com,United States
756,banggood.com,United States
757,elwatannews.com,Egypt
758,exblog.jp,Japan
759,thehindu.com,India
760,toysrus.com,United States
761,bedbathandbeyond.com,United States
762,4pda.ru,Russia
763,kissanime.to,United States
764,wired.com,United States
765,emgn.com,United States
766,google.co.nz,New Zealand
767,zulily.com,United States
768,php.net,United States
769,homepage-web.com,Germany
770,epweike.com,China
771,google.by,Belarus
772,olx.ua,Ukraine
773,vk.me,Russia
774,pantip.com,Thailand
775,mercadolibre.com.mx,Mexico
776,mysmartprice.com,India
777,lazada.co.id,Indonesia
778,livescore.com,Nigeria
779,marketwatch.com,United States
780,nikkeibp.co.jp,Japan
781,6pm.com,United States
782,liveleak.com,United States
783,metroer.com,China
784,issuu.com,India
785,behance.net,India
786,gazeta.pl,Poland
787,wattpad.com,United States
788,gamersky.com,China
789,mynet.com,Turkey
790,popsugar.com,United States
791,westernjournalism.com,United States
792,barnesandnoble.com,United States
793,powerball.com,United States
794,tomshardware.com,United States
795,jin115.com,Japan
796,audible.com,United States
797,wetransfer.com,India
798,geocities.jp,Japan
799,gyazo.com,United States
800,sky.com,United Kingdom
801,olx.com.br,Brazil
802,inquirer.net,Philippines
803,adservingsolutionsinc.com,Iran
804,imobile.com.cn,China
805,getpocket.com,United States
806,blog.me,South Korea
807,histats.com,Indonesia
808,seasonvar.ru,Russia
809,58.com,China
810,starbucks.com,United States
811,google.rs,Serbia
812,backpage.com,United States
813,drom.ru,Russia
814,mit.edu,United States
815,torcache.net,United States
816,primewire.ag,United States
817,auction.co.kr,South Korea
818,prpops.com,Japan
819,rakuten.ne.jp,Japan
820,zappos.com,United States
821,ria.ru,Russia
822,mihanblog.com,Iran
823,www.gov.uk,United Kingdom
824,united.com,United States
825,whitepages.com,United States
826,videodownloadconverter.com,Indonesia
827,ted.com,United States
828,gazetaexpress.com,Albania
829,padsdel.com,India
830,tnaflix.com,Germany
831,techradar.com,United States
832,focus.de,Germany
834,n11.com,Turkey
835,google.hr,Croatia
836,americanas.com.br,Brazil
837,wav.tv,Japan
838,zozo.jp,Japan
839,sfr.fr,France
840,premierleague.com,United Kingdom
841,qunar.com,China
842,yomiuri.co.jp,Japan
843,kuronekoyamato.co.jp,Japan
844,126.com,China
845,kotaku.com,United States
848,as.com,Spain
849,prntscr.com,Russia
850,fatosdesconhecidos.com.br,Brazil
851,rightmove.co.uk,United Kingdom
852,reverso.net,France
853,goo.gl,India
854,16lao.com,China
855,4chan.org,United States
856,dingit.tv,India
857,intel.com,United States
858,cloudsrvtrk.com,Italy
859,uniqlo.com,Japan
860,t-mobile.com,United States
861,nairaland.com,Nigeria
862,babycenter.com,United States
863,rapidgator.net,Japan
864,indianrail.gov.in,India
865,cracked.com,United States
866,glassdoor.com,United States
867,milanuncios.com,Spain
868,lun.com,Chile
869,wargaming.net,Russia
870,lemonde.fr,France
872,altervista.org,Italy
873,cam4.com,United States
874,gittigidiyor.com,Turkey
875,haberturk.com,Turkey
876,abril.com.br,Brazil
877,qvc.com,United States
878,huya.com,China
879,irs.gov,United States
881,mcafee.com,United States
883,google.kz,Kazakhstan
884,lefigaro.fr,France
885,nypost.com,United States
887,nhl.com,United States
889,hotnewhiphop.com,United States
890,protect0r.com,India
891,shutterfly.com,United States
892,googleadservices.com,India
894,telegram.org,Iran
895,aliyun.com,China
897,tesco.com,United Kingdom
898,vcommission.com,India
899,o2.pl,Poland
900,academia.edu,Indonesia
901,match.com,United States
902,gamestop.com,United States
903,thisav.com,Japan
904,lockerdome.com,United States
905,sozcu.com.tr,Turkey
906,lego.com,United States
907,digitaltrends.com,United States
908,novinky.cz,Czech Republic
909,abplive.in,India
910,wiktionary.org,United States
913,bitly.com,India
914,trackingclick.net,Pakistan
915,workercn.cn,China
919,informer.com,India
920,excite.co.jp,Japan
922,androidcentral.com,United States
923,jumia.com.ng,Nigeria
924,office365.com,United States
925,carview.co.jp,Japan
926,mobile01.com,Taiwan
927,masrawy.com,Egypt
928,ibm.com,United States
929,hepsiburada.com,Turkey
930,allocine.fr,France
931,food.com,United States
932,breitbart.com,United States
933,atlassian.net,United States
934,huaban.com,China
935,sopitas.com,Mexico
936,clickadu.com,India
937,movie4k.to,Germany
938,104.com.tw,Taiwan
939,deezer.com,France
940,android.com,India
941,yandex.by,Belarus
942,creditkarma.com,United States
943,esuteru.com,Japan
944,images-amazon.com,United States
945,fanfiction.net,United States
946,legacy.com,United States
947,vetogate.com,Egypt
948,ruten.com.tw,Taiwan
949,clarin.com,Argentina
950,mayoclinic.org,United States
951,himado.in,Japan
952,mynavi.jp,Japan
953,google.com.kw,Kuwait
954,play1topgame.com,Turkey
955,domaintools.com,India
956,ea.com,United States
957,sbnation.com,United States
958,disq.us,United States
959,qidian.com,China
960,alwafd.org,Egypt
961,gongchang.com,China
962,viralthread.com,United States
963,voyeurhit.com,United States
964,almasryalyoum.com,Egypt
965,189.cn,China
966,cbs.com,United States
967,otto.de,Germany
968,dianping.com,China
969,mapquest.com,United States
970,nbcsports.com,United States
971,clixsense.com,United States
972,hgtv.com,United States
973,ldblog.jp,Japan
974,sankei.com,Japan
975,cisco.com,United States
976,mega.co.nz,Mexico
977,fishki.net,Russia
978,line.me,Japan
980,syosetu.com,Japan
981,duolingo.com,United States
982,windows.com,United States
983,bestadbid.com,Japan
984,livestrong.com,United States
985,coupons.com,United States
986,saramin.co.kr,South Korea
987,ehow.com,United States
988,dreamstime.com,India
989,cocolog-nifty.com,Japan
990,chefkoch.de,Germany
991,114la.com,China
992,yellowpages.com,United States
993,dailypakistan.com.pk,Pakistan
994,y8.com,Philippines
995,cvs.com,United States
996,eventbrite.com,United States
997,pnc.com,United States
998,national-lottery.co.uk,United Kingdom
999,thedailybeast.com,United States
1000,17track.net,China
1001,ebay.es,Spain
1002,ccm.net,Spain
1003,drtuber.com,United States
1004,sponichi.co.jp,Japan
1005,sfgate.com,United States
1006,blkget.com,India
1007,donanimhaber.com,Turkey
1008,cda.pl,Poland
1009,theatlantic.com,United States
1010,ebay.ca,Canada
1011,ccb.com,China
1012,marriott.com,United States
1013,tagged.com,United States
1014,6park.com,United States
1015,garmin.com,United States
1016,farsnews.com,Iran
1017,cpasbien.io,France
1018,makeuseof.com,United States
1019,porn.com,United States
1020,credit-agricole.fr,France
1021,southcn.com,China
1022,indiamart.com,India
1023,qingdaonews.com,China
1024,rarbg.to,India
1025,2chblog.jp,Japan
1026,ascii.jp,Japan
1027,slimspots.com,India
1028,yaplakal.com,Russia
1029,instructure.com,United States
1030,3dmgame.com,China
1031,jw.org,United States
1032,gnavi.co.jp,Japan
1033,tattoodo.com,United States
1034,cbc.ca,Canada
1035,dafont.com,United States
1036,tvguide.com,United States
1037,google.bg,Bulgaria
1038,idnes.cz,Czech Republic
1039,pbs.org,United States
1040,innfrad.com,Egypt
1041,battlefield.com,United States
1042,gawker.com,United States
1043,sciencedirect.com,United States
1044,sammydress.com,United States
1045,mr-johal.com,India
1046,bankmellat.ir,Iran
1047,junbi-tracker.com,Turkey
1048,buy.tmall.com,China
1049,samsclub.com,United States
1050,deviantart.net,United States
1051,yjc.ir,Iran
1052,citibank.co.in,India
1053,onlinecreditcenter6.com,United States
1054,hdfilmifullizle.com.tr,Turkey
1055,topix.com,United States
1056,doisongphapluat.com,Vietnam
1057,bluehost.com,India
1058,marktplaats.nl,Netherlands
1059,investopedia.com,United States
1060,myfreecams.com,United States
1061,askubuntu.com,India
1062,rei.com,United States
1063,etao.com,China
1064,blackboard.com,United States
1065,efukt.com,United States
1066,skysports.com,United Kingdom
1067,webssearches.com,Brazil
1068,genius.com,United States
1069,discogs.com,United States
1070,525j.com.cn,China
1071,mackeeper.com,United States
1072,vine.co,United States
1073,welt.de,Germany
1074,2ch-c.net,Japan
1075,pogo.com,United States
1076,uber.com,United States
1077,garanti.com.tr,Turkey
1078,chekb.com,China
1079,kinox.to,Germany
1080,dlsite.com,Japan
1081,biblegateway.com,United States
1082,setn.com,Taiwan
1083,merriam-webster.com,United States
1084,today.com,United States
1085,gemius.pl,Poland
1086,onliner.by,Belarus
1087,mangafox.me,United States
1088,gumtree.com.au,Australia
1089,eroterest.net,Japan
1090,pureadexchange.com,Russia
1091,niuche.com,China
1092,google.com.ec,Ecuador
1093,digg.com,India
1094,wiocha.pl,Poland
1095,lloydsbank.co.uk,United Kingdom
1096,forever21.com,United States
1097,si.com,United States
1098,ultimate-guitar.com,United States
1099,alfalfalfa.com,Japan
1100,nikkansports.com,Japan
1101,askmebazaar.com,India
1102,facenama.com,Iran
1103,sapo.pt,Portugal
1104,duba.com,China
1105,google.com.do,Dominican Republic
1106,ukr.net,Ukraine
1107,cdstm.cn,China
1108,scoop.it,India
1109,sony.jp,Japan
1110,webex.com,United States
1111,familydoctor.com.cn,China
1112,openload.co,Japan
1113,fotostrana.ru,Russia
1114,state.gov,United States
1115,ozon.ru,Russia
1116,reclameaqui.com.br,Brazil
1117,auto.ru,Russia
1118,aljazeera.net,Qatar
1119,usnews.com,United States
1120,paytm.in,India
1121,ryanair.com,Italy
1122,ed.gov,United States
1123,labanquepostale.fr,France
1124,nationalgeographic.com,United States
1125,dmv.org,United States
1126,europa.eu,Italy
1127,foursquare.com,United States
1128,news.com.au,Australia
1129,suara.com,Indonesia
1130,lanacion.com.ar,Argentina
1131,axisbank.com,India
1132,express.pk,Pakistan
1133,basecamp.com,United States
1134,panasonic.jp,Japan
1135,prothom-alo.com,Bangladesh
1136,nnm-club.me,Russia
1137,hubspot.com,India
1138,royalbank.com,Canada
1141,flashx.tv,Italy
1142,serving-sys.com,United States
1143,mufg.jp,Japan
1144,jia.com,China
1145,immobilienscout24.de,Germany
1146,ecnavi.jp,Japan
5034,bakecaincontrii.com,Italy
2,facebook.com,United States
4,baidu.com,China
5,yahoo.com,United States
