4,baidu.com,China
8,qq.com,China
11,taobao.com,China
13,sina.com.cn,China
15,weibo.com,China
22,hao123.com,China
32,tmall.com,China
36,360.cn,China
37,sohu.com,China
42,gmw.cn,China
57,google.com.hk,China
58,tianya.cn,China
62,alibaba.com,China
69,soso.com,China
72,xinhuanet.com,China
81,cntv.cn,China
83,chinadaily.com.cn,China
91,haosou.com,China
97,sogou.com,China
106,alipay.com,China
119,china.com.cn,China
121,163.com,China
135,cnzz.com,China
136,tudou.com,China
141,360.com,China
143,amazon.cn,China
165,detail.tmall.com,China
184,bilibili.com,China
188,google.cn,China
199,tlbb8.com,China
203,51.la,China
206,babytree.com,China
212,yesky.com,China
230,zol.com.cn,China
234,zhihu.com,China
243,youth.cn,China
245,bitauto.com,China
246,xywy.com,China
248,ifeng.com,China
249,oeeee.com,China
257,huanqiu.com,China
273,kouclo.com,China
276,caijing.com.cn,China
299,mama.cn,China
311,1905.com,China
318,1688.com,China
320,cnnic.cn,China
324,51yes.com,China
330,enet.com.cn,China
348,yaolan.com,China
349,ce.cn,China
356,eastday.com,China
357,iqiyi.com,China
361,watsons.tmall.com,China
369,adidas.tmall.com,China
384,chaoshi.tmall.com,China
389,douyutv.com,China
394,lady8844.com,China
395,baike.com,China
406,39.net,China
452,17ok.com,China
453,xunlei.com,China
459,k618.cn,China
466,csdn.net,China
475,youboy.com,China
503,chinaz.com,China
535,hupu.com,China
550,cnbeta.com,China
569,alexa.cn,China
571,rednet.cn,China
585,youdao.com,China
594,123cha.com,China
612,jrj.com.cn,China
614,ci123.com,China
621,12306.cn,China
640,315che.com,China
651,stockstar.com,China
653,chinaso.com,China
654,list.tmall.com,China
655,alicdn.com,China
656,mi.com,China
657,to8to.com,China
660,voc.com.cn,China
663,douban.com,China
664,cnmo.com,China
671,acfun.tv,China
677,egou.com,China
678,21cn.com,China
679,suning.com,China
687,eastmoney.com,China
699,fanli.com,China
701,kdnet.net,China
730,sq.cn,China
748,51sole.com,China
751,cnblogs.com,China
753,cqnews.net,China
770,epweike.com,China
783,metroer.com,China
788,gamersky.com,China
804,imobile.com.cn,China
809,58.com,China
841,qunar.com,China
844,126.com,China
854,16lao.com,China
878,huya.com,China
893,quanjing.com,China
895,aliyun.com,China
915,workercn.cn,China
934,huaban.com,China
959,qidian.com,China
961,gongchang.com,China
965,189.cn,China
968,dianping.com,China
991,114la.com,China
1000,17track.net,China
1011,ccb.com,China
1021,southcn.com,China
1023,qingdaonews.com,China
1030,3dmgame.com,China
1048,buy.tmall.com,China
1063,etao.com,China
1070,525j.com.cn,China
1078,chekb.com,China
1091,niuche.com,China
1104,duba.com,China
1107,cdstm.cn,China
1111,familydoctor.com.cn,China
1144,jia.com,China
1154,v1.cn,China
1165,tgbus.com,China
1180,takungpao.com,China
1183,caixin.com,China
1185,focus.cn,China
1187,douguo.com,China
1201,4399.com,China
1220,2345.com,China
1254,ctrip.com,China
1278,zhaopin.com,China
1302,oschina.net,China
1317,icolor.com.cn,China
1324,duowan.com,China
1327,globaltimes.cn,China
1332,ivc.cn,China
1335,dhl.com,China
1342,pconline.com.cn,China
1343,xiami.com,China
1377,anjuke.com,China
1383,wanyh.com,China
1427,admaimai.com,China
1436,renren.com,China
1451,nipic.com,China
1453,hexun.com,China
1462,emao.com,China
1475,autohome.com.cn,China
1493,sou300.com,China
1494,yhd.com,China
1505,go2000.com,China
1517,mydrivers.com,China
1527,chiphell.com,China
1530,p5w.net,China
1532,feng.com,China
1539,jqw.com,China
1578,docin.com,China
1594,17173.com,China
1614,gougou.com,China
1631,panda.tv,China
1633,fanhuan.com,China
1635,jb51.net,China
1641,1111.tmall.com,China
1650,360doc.com,China
1655,28.com,China
1680,ceconline.com,China
1715,smzdm.com,China
1739,icbc.com.cn,China
1753,meishichina.com,China
1756,skycn.com,China
1767,fang.com,China
1769,iciba.com,China
1774,jiameng.com,China
1779,vsuch.com,China
1793,qianlong.com,China
1806,10086.cn,China
1821,cankaoxiaoxi.com,China
1845,sznews.com,China
1862,ns5n.com,China
1863,zimuzu.tv,China
1895,miui.com,China
1901,kuwo.cn,China
1916,ali213.net,China
1926,trade.tmall.com,China
1928,pps.tv,China
1932,17k.com,China
1943,meituan.com,China
1946,brides.com.cn,China
1968,world.tmall.com,China
1978,bttiantang.com,China
1979,5dcar.com,China
1984,vip.com,China
1985,huawei.com,China
1992,zybang.com,China
2019,51job.com,China
2023,house365.com,China
2025,abchina.com,China
2042,jia360.com,China
2063,51cto.com,China
2129,chooseauto.com.cn,China
2131,makepolo.com,China
2135,exam8.com,China
2141,51auto.com,China
2165,58pic.com,China
2174,alimama.com,China
2191,cnki.net,China
2203,xueqiu.com,China
2220,ccb.com.cn,China
2227,jz123.cn,China
2236,doc88.com,China
2253,b2b.cn,China
2261,gome.com.cn,China
2277,178.com,China
2284,luxtarget.com,China
2287,120ask.com,China
2292,zhibo8.cc,China
2295,newsmth.net,China
2298,onlylady.com,China
2308,zcool.com.cn,China
2317,jmw.com.cn,China
2334,cmbchina.com,China
2336,lvmama.com,China
2339,atpanel.com,China
2353,baomihua.com,China
2359,mtime.com,China
2387,eol.cn,China
2408,365jia.cn,China
2409,tmall.hk,China
2411,netcoc.com,China
2412,dmzj.com,China
2414,aizhan.com,China
2430,07073.com,China
2456,dxy.cn,China
2476,dytt8.net,China
2479,xiaomi.com,China
2501,taoche.com,China
2539,baiducontent.com,China
2545,alitrip.com,China
2577,cyol.com,China
2578,ebrun.com,China
2586,18374ir.com,China
2596,xiu.com,China
2605,ynet.com,China
2628,xinjunshi.com,China
2642,wangtu.com,China
2646,emuch.net,China
2657,weather.com.cn,China
2668,sinaimg.cn,China
2675,joyme.com,China
2681,jjwxc.net,China
2705,cn2che.com,China
2709,xjtour.com,China
2720,so.com,China
2740,mplife.com,China
2751,jxntv.cn,China
2808,scol.com.cn,China
2811,ycwb.com,China
2812,iteye.com,China
2815,jxnews.com.cn,China
2828,ccidnet.com,China
2836,wtoip.com,China
2842,fudan.edu.cn,China
2844,ea3w.com,China
2845,soku.com,China
2855,jstv.com,China
2861,mp4ba.com,China
2867,ku6.com,China
2880,brtn.cn,China
2892,top81.com.cn,China
2895,sf-express.com,China
2897,taikang.com,China
2909,w3school.com.cn,China
2943,xs8.cn,China
2950,mafengwo.cn,China
2991,51hejia.com,China
2992,pchome.net,China
3006,onlinedown.net,China
3013,ithome.com,China
3033,yiqifa.com,China
3075,appgame.com,China
3076,beva.com,China
3077,camfrog.com,China
3079,gfan.com,China
3080,5usport.com,China
3082,yohoboys.com,China
3091,zhanqi.tv,China
3102,chewen.com,China
3110,91jm.com,China
3130,login.tmall.com,China
3142,99114.com,China
3157,jd.hk,China
3158,lofter.com,China
3160,binzhi.com,China
3170,yohogirls.com,China
3173,mangocity.com,China
3177,alibaba-inc.com,China
3199,83suncity.com,China
3205,cnhubei.com,China
3231,78.cn,China
3265,80018.cn,China
3273,vipgouyouhui.com,China
3276,fzg360.com,China
3292,mycar168.com,China
3297,bigccq.cn,China
3298,cs.com.cn,China
3302,toutiao.com,China
3305,sssc.cn,China
3314,10010.com,China
3325,viidii.info,China
3326,chengdu.cn,China
3335,huihui.cn,China
3355,92lux.cn,China
3367,wankr.com.cn,China
3369,yinhang.com,China
3406,dy2018.com,China
3407,176.com,China
3421,duomai.com,China
3432,autotimes.com.cn,China
3441,pcauto.com.cn,China
3447,aicheren.com,China
3453,shihuo.cn,China
3491,hudong.com,China
3494,nuomi.com,China
3499,265.com,China
3507,bankcomm.com,China
3508,gao7.com,China
3515,7k7k.com,China
3516,jandan.net,China
3518,miercn.com,China
3520,zhifang.com,China
3529,kugou.com,China
3537,bzw315.com,China
3539,2670.com,China
3541,yunfile.com,China
3566,18183.com,China
3580,10jqka.com.cn,China
3614,xdf.cn,China
3626,cri.cn,China
3630,cncn.org.cn,China
3648,chinaunix.net,China
3672,ooopic.com,China
3695,artron.net,China
3703,yunpan.cn,China
3725,b2social.cn,China
3756,hnjy.com.cn,China
3762,guokr.com,China
3777,d1ev.com,China
3785,864321.com,China
3791,kaiwind.com,China
3797,ch.com,China
3798,17zwd.com,China
3803,nga.cn,China
3830,hoolo.tv,China
3836,01ny.cn,China
3850,ems.com.cn,China
3855,51seer.com,China
3860,xiamp4.com,China
3862,lagou.com,China
3864,javmoo.xyz,China
3877,24home.com,China
3886,a9vg.com,China
3893,soufun.com,China
3915,yxdown.com,China
3935,yixun.com,China
3937,xitek.com,China
3945,dv37.com,China
3946,guancha.cn,China
3968,3dwwwgame.com,China
4000,52pk.com,China
4002,pc6.com,China
4021,csair.com,China
4023,iiyi.com,China
4039,chuandong.com,China
4046,d1net.com,China
4054,dygang.com,China
4057,aili.com,China
4067,yy.com,China
4081,360kan.com,China
4091,qyer.com,China
4096,verycd.com,China
4112,babyschool.com.cn,China
4114,999120.net,China
4117,zaobao.com,China
4125,gongkong.com,China
4136,95599.cn,China
4137,dbw.cn,China
4181,cyzone.cn,China
4185,9ku.com,China
4201,chinanews.com,China
4204,gucheng.com,China
4214,pengpeng.com,China
4227,vmall.com,China
4232,imooc.com,China
4235,yinyuetai.com,China
4236,sdo.com,China
4262,ca168.com,China
4274,lenovo.com.cn,China
4275,jiayuan.com,China
4288,pep.com.cn,China
4289,jiwu.com,China
4293,bozhong.com,China
4301,pcbeta.com,China
4303,haiwainet.cn,China
4306,mr-guangdong.com,China
4309,umeng.com,China
4312,juooo.com,China
4313,bt2mag.com,China
4321,msn.com.cn,China
4327,brand.tmall.com,China
4329,vip.tmall.com,China
4336,kafan.cn,China
4339,lxwxw.com,China
4341,16888.com,China
4344,cutv.com,China
4346,tower.im,China
4362,zhe800.com,China
4365,chinanetrank.com,China
4372,wanyx.com,China
4384,morningpost.com.cn,China
4395,xiaoshuomm.com,China
4402,36kr.com,China
4403,kuaidi100.com,China
4406,paipai.com,China
4416,go108.com.cn,China
4417,yiwugou.com,China
4418,cheaa.com,China
4440,ratewrite.tmall.com,China
4441,iyaxin.com,China
4448,antpedia.com,China
4460,99wed.com,China
4463,liepin.com,China
4472,ttmeiju.com,China
4474,ctfile.com,China
4476,booksky.org,China
4482,chsi.com.cn,China
4483,i1515.com,China
4489,znds.com,China
4506,miltt.com,China
4513,saraba1st.com,China
4524,wenkang.cn,China
4535,gxsky.com,China
4541,seedit.com,China
4542,sggc.com.cn,China
4574,geekbuying.com,China
4593,666nf.com,China
4594,princeton.edu,China
4602,winshang.com,China
4604,9lwan.com,China
4615,hixgo.com,China
4616,kxg99.com,China
4629,tuikuan.tmall.com,China
4633,ilvyou.cc,China
4636,115.com,China
4646,cityhouse.cn,China
4662,gusuwang.com,China
4677,1hhhh.net,China
4723,800hr.com,China
4724,fangdd.com,China
4734,tuniu.com,China
4759,55haitao.com,China
4776,sonhoo.com,China
4779,zxart.cn,China
4790,ed2000.com,China
4801,lalamao.com,China
4807,banma.com,China
4814,youxixiazai.org,China
4824,pintu360.com,China
4826,hebei.com.cn,China
4836,zhcw.com,China
4837,bnf76d.com,China
4851,shlandscape.com,China
4852,cnr.cn,China
4853,kimiss.com,China
4857,tjmama.com,China
4863,17iw.com,China
4874,9281.net,China
4895,wanfangdata.com.cn,China
4913,tiankong.com,China
4920,ktone.cn,China
4921,pages.tmall.com,China
4937,9666.cn,China
4951,sanguosha.com,China
4958,jschina.com.cn,China
4960,pf178.com,China
4964,kaola.com,China
4966,365jilin.com,China
4967,dict.cn,China
4973,qq5.com,China
4977,baihe.com,China
4983,fx678.com,China
4987,qinqinbaby.com,China
4988,zx555.net,China
4992,v2ex.com,China
4994,pptv.com,China
4996,kongzhong.com,China
5000,ibuying.com,China
5007,u17.com,China
5013,jiemian.com,China
5026,xxhh.com,China
5031,flyertea.com,China
5037,qqbaobao.com,China
5039,yoka.com,China
5049,hjenglish.com,China
5055,shlac.com,China
5061,kankan.com,China
5063,cr173.com,China
5082,kindle114.com,China
5085,ujipin.com,China
5086,letv.com,China
5128,win007.com,China
5132,19lou.com,China
5167,9966.org,China
5172,xinmin.cn,China
5173,mybrand.tmall.com,China
5175,gamedog.cn,China
5186,h65dc.com,China
5189,qbao.com,China
5193,mgpyh.com,China
5212,game2.com.cn,China
5227,transrush.com,China
5235,qqnz.com,China
5238,5114.cn,China
5242,99.com.cn,China
5243,021lh.net,China
5257,52down.com,China
5262,6vhao.com,China
5276,ca800.com,China
5280,qihoo.com,China
5287,51gxqm.com,China
5299,cn163.net,China
5302,battlenet.com.cn,China
5313,hkwb.net,China
5319,wed114.cn,China
5338,pcmfw.com,China
5340,ingdan.com,China
5343,segmentfault.com,China
5345,qqt38.com,China
5363,7pud.com,China
5370,21-sun.com,China
5374,acesse.com,China
5386,modernweekly.com,China
5390,thinkworld.com.cn,China
5394,dzwww.com,China
5403,dmhy.org,China
5406,93959.com,China
5408,56.com,China
5409,ule.com,China
5413,lianjia.com,China
5414,youxiduo.com,China
5421,1ting.com,China
5429,17house.com,China
5441,cncmax.cn,China
5452,cctv.com,China
5458,cncv.org.cn,China
5462,hnzxyy.com,China
5473,hc360.com,China
5522,537.com,China
5548,d1com.com,China
5552,61baobao.com,China
5575,11467.com,China
5581,38522.com,China
5584,ytbbs.com,China
5593,xici.net,China
5608,paixie.net,China
5622,segou456.info,China
5629,keng94.com,China
5631,linktech.cn,China
5635,daydays.com,China
5638,trends.com.cn,China
5639,zhicom.cn,China
5643,cps.com.cn,China
5653,efu.com.cn,China
5659,womai.com,China
5673,photofans.cn,China
5689,kdslife.com,China
5706,tiancity.com,China
5720,fj-n-tax.gov.cn,China
5730,95516.com,China
5735,gongchang.cn,China
5767,firefoxchina.cn,China
5777,ibicn.com,China
5793,els-cdn.com,China
5794,meizu.com,China
5819,wechat.com,China
5822,oyeting.com,China
5839,xiaomi.cn,China
5842,xiaoshuo520.com,China
5852,yzforex.com,China
5853,jmys168.com,China
5865,gh0089.com,China
5869,33lc.com,China
5870,pcbaby.com.cn,China
5877,776la.com,China
5881,siilu.com,China
5884,jiyoujia.com,China
5898,jc001.cn,China
5899,taisha.org,China
5903,chaduo.com,China
5904,zhong5.cn,China
5906,zealer.com,China
5920,51saier.cn,China
5921,99inf.com,China
5927,uszcn.com,China
5931,kanqite.com,China
5939,wugu.com.cn,China
5942,koubei.com,China
5954,77shu.com,China
5960,ewirn45.com,China
5966,huatu.com,China
5972,ie57.com,China
5983,7-hotel.com,China
6005,souqiantu.com,China
6008,51credit.com,China
6017,at160.com,China
6026,steamcn.com,China
6029,ip138.com,China
6032,uc.cn,China
6058,pinggu.org,China
6096,qianxs.com,China
6113,cheshen.cn,China
6115,180wan.com,China
6120,ishangman.com,China
6121,sohao123.com,China
6155,9384.com,China
6156,dephp.com,China
6160,blog.163.com,China
6172,hi-pda.com,China
6181,pv-ip.com,China
6185,mylovewebs.com,China
6194,admin5.com,China
6210,huxiu.com,China
6221,qdmama.net,China
6245,neu6.edu.cn,China
6247,87087.com,China
6273,neonan.com,China
6276,dzsc.com,China
6277,71.net,China
6286,cloudscar.com,China
6288,2mnd56.com,China
6295,qdmm.com,China
6298,cwan.com,China
6309,zuanke8.com,China
6311,smartisan.com,China
6312,sjtu.edu.cn,China
6316,xiazaiba.com,China
6322,c118c.cn,China
6331,5pao.com,China
6339,i4455.com,China
6361,kkbobo.com,China
6373,shejis.com,China
6375,qinbei.com,China
6403,linkshop.com.cn,China
6406,zhulang.com,China
6408,xiachufang.com,China
6411,tuicool.com,China
6413,51bi.com,China
6428,ccidcom.com,China
6431,duba.net,China
6462,920gg.com,China
6473,cqsq.com,China
6518,docer.com,China
6527,anxin.com,China
6531,qgqm.net.cn,China
6533,dgtle.com,China
6536,400zg.com,China
6545,forex.com.cn,China
6551,loldytt.com,China
6561,365jz.info,China
6570,go300.com,China
6588,tenpay.com,China
6592,cnnewmusic.com,China
6596,aguo.com,China
6598,nzw.cn,China
6600,ebay.com.hk,China
6605,bo300.com,China
6620,6783.com,China
6641,t66y.com,China
6643,hellopower.cn,China
6644,eqxiu.com,China
6649,222nf.com,China
6656,arting365.com,China
6669,topfo.com,China
6672,eq28.cn,China
6678,go2000.cn,China
6690,mmloo.com,China
6694,qqyxwg.com,China
6695,liqu.com,China
6716,biquge.la,China
6724,showoff.com.cn,China
6736,52pojie.cn,China
6745,oa.com,China
6748,weibo.cn,China
6759,meidebi.com,China
6762,yougou.com,China
6779,jkchiis.com,China
6781,zjol.com.cn,China
6794,1188.com,China
6810,9miao.com,China
6816,letsebuy.com,China
6826,mbalib.com,China
6835,39yst.com,China
6851,95081.com,China
6854,cnw.com.cn,China
6863,tsinghua.edu.cn,China
6886,360safe.com,China
6910,xilu.com,China
6925,ih5.cn,China
6935,ibabyzone.cn,China
6936,btbbt.cc,China
6938,maxtv.cn,China
6952,23wx.com,China
6967,thepaper.cn,China
6980,eyao.com.cn,China
6988,977ai.com,China
6991,www.gov.cn,China
6998,cib.com.cn,China
