1,google.com
2,facebook.com
3,youtube.com
4,baidu.com
5,yahoo.com
6,amazon.com
7,wikipedia.org
8,qq.com
9,google.co.in
10,twitter.com
11,taobao.com
12,live.com
13,sina.com.cn
14,yahoo.co.jp
15,weibo.com
16,msn.com
17,google.co.jp
18,vk.com
19,bing.com
20,yandex.ru
21,linkedin.com
22,hao123.com
23,ebay.com
24,amazon.co.jp
25,instagram.com
26,google.de
27,mail.ru
28,google.co.uk
29,t.co
30,pinterest.com
31,reddit.com
32,tmall.com
33,netflix.com
34,google.ru
35,google.com.br
36,360.cn
37,sohu.com
38,paypal.com
39,google.fr
40,microsoft.com
41,tumblr.com
42,gmw.cn
43,wordpress.com
44,imgur.com
45,imdb.com
46,blogspot.com
47,google.it
48,onclickads.net
49,google.es
50,aliexpress.com
51,apple.com
52,ask.com
53,ok.ru
54,xvideos.com
55,amazon.de
56,fc2.com
57,google.com.hk
58,tianya.cn
59,google.com.mx
60,diply.com
61,bongacams.com
62,alibaba.com
63,google.ca
64,stackoverflow.com
65,amazon.co.uk
66,rakuten.co.jp
67,google.com.tr
68,pornhub.com
69,soso.com
70,naver.com
71,go.com
72,xinhuanet.com
73,blogger.com
74,craigslist.org
75,kat.cr
76,amazon.in
77,google.co.id
78,nicovideo.jp
79,outbrain.com
80,office.com
81,cntv.cn
82,pixnet.net
83,chinadaily.com.cn
84,xhamster.com
85,github.com
86,google.pl
87,google.com.au
88,wikia.com
89,coccoc.com
90,cnn.com
91,haosou.com
92,flipkart.com
93,googleusercontent.com
94,adnetworkperformance.com
95,bbc.co.uk
96,adobe.com
97,sogou.com
98,jd.com
99,china.com
100,espn.go.com
101,google.co.kr
102,dropbox.com
103,dmm.co.jp
104,chase.com
105,indiatimes.com
106,alipay.com
107,google.com.sa
108,whatsapp.com
109,livedoor.jp
110,ebay.co.uk
111,ebay.de
112,nytimes.com
113,booking.com
114,google.com.eg
115,dailymotion.com
116,youku.com
117,bbc.com
118,google.co.th
119,china.com.cn
120,popads.net
121,163.com
122,google.com.tw
123,walmart.com
124,dailymail.co.uk
125,microsoftonline.com
126,google.com.ar
127,xnxx.com
128,bankofamerica.com
129,google.nl
130,twitch.tv
131,buzzfeed.com
132,google.com.pk
133,huffingtonpost.com
134,ameblo.jp
135,cnzz.com
136,tudou.com
137,cnet.com
138,blogspot.in
139,amazon.fr
140,ettoday.net
141,360.com
142,terraclicks.com
143,amazon.cn
144,quora.com
145,directrev.com
146,etsy.com
147,amazon.it
148,uol.com.br
149,wellsfargo.com
150,weather.com
151,aol.com
152,soundcloud.com
153,adf.ly
154,amazonaws.com
155,daum.net
156,yelp.com
157,globo.com
158,nametests.com
159,naver.jp
160,google.co.za
161,youm7.com
162,target.com
163,bestbuy.com
164,theguardian.com
165,detail.tmall.com
166,kakaku.com
167,flickr.com
168,tradeadexchange.com
169,steampowered.com
170,vice.com
171,txxx.com
172,snapdeal.com
173,google.gr
174,redtube.com
175,indeed.com
176,forbes.com
177,steamcommunity.com
178,zillow.com
179,avito.ru
180,ikea.com
181,goo.ne.jp
182,stackexchange.com
183,detik.com
184,bilibili.com
185,youporn.com
186,google.com.ua
187,bp.blogspot.com
188,google.cn
189,theladbible.com
190,gfycat.com
191,reimageplus.com
192,taboola.com
193,9gag.com
194,usps.com
195,godaddy.com
196,amazon.es
197,feedly.com
198,slideshare.net
199,tlbb8.com
200,skype.com
201,tripadvisor.com
202,mozilla.org
203,51.la
204,leboncoin.fr
205,vimeo.com
206,babytree.com
207,americanexpress.com
208,torrentz.eu
209,pixiv.net
210,livejournal.com
211,mediafire.com
212,yesky.com
213,uptodown.com
214,akamaihd.net
215,adplxmd.com
216,about.com
217,foxnews.com
218,softonic.com
219,ups.com
220,comcast.net
221,allegro.pl
222,hclips.com
223,google.ro
224,wikihow.com
225,liputan6.com
226,deviantart.com
227,google.com.sg
228,web.de
229,google.be
230,zol.com.cn
231,washingtonpost.com
232,salesforce.com
233,orange.fr
234,zhihu.com
235,hdfcbank.com
236,onet.pl
237,gamer.com.tw
238,secureserver.net
239,gmx.net
240,homedepot.com
241,speedtest.net
242,udn.com
243,youth.cn
244,loading-delivery2.com
245,bitauto.com
246,xywy.com
247,google.com.ph
248,ifeng.com
249,oeeee.com
250,putlocker.is
251,mystart.com
252,wordpress.org
253,force.com
254,google.com.co
255,telegraph.co.uk
256,w3schools.com
257,huanqiu.com
258,google.com.ng
259,google.se
260,rambler.ru
261,spotify.com
262,goodreads.com
263,wix.com
264,xfinity.com
265,google.at
266,wikimedia.org
267,paytm.com
268,xuite.net
269,capitalone.com
270,onlinesbi.com
271,slickdeals.net
272,icicibank.com
273,kouclo.com
274,blog.jp
275,archive.org
276,caijing.com.cn
277,doorblog.jp
278,github.io
279,t-online.de
280,files.wordpress.com
281,fedex.com
282,groupon.com
283,pandora.com
284,ndtv.com
285,themeforest.net
286,seznam.cz
287,businessinsider.com
288,kaskus.co.id
289,nih.gov
290,hulu.com
291,macys.com
292,addthis.com
293,google.ae
294,sourceforge.net
295,eksisozluk.com
296,google.com.pe
297,shutterstock.com
298,fbcdn.net
299,mama.cn
300,livejasmin.com
301,google.pt
302,ebay-kleinanzeigen.de
303,wp.pl
304,youtube-mp3.org
305,upornia.com
306,weebly.com
307,accuweather.com
308,hp.com
309,mega.nz
310,amazon.ca
311,1905.com
312,nfl.com
313,media.tumblr.com
314,google.az
315,twimg.com
316,ltn.com.tw
317,google.ch
318,1688.com
319,usatoday.com
320,cnnic.cn
321,abs-cbn.com
322,samsung.com
323,att.com
324,51yes.com
325,chaturbate.com
326,rutracker.org
327,webmd.com
328,2ch.net
329,liveadexchanger.com
330,enet.com.cn
331,sabah.com.tr
332,mercadolivre.com.br
333,zendesk.com
334,sberbank.ru
335,onedio.com
336,badoo.com
337,google.cz
338,kohls.com
339,icloud.com
340,ign.com
341,google.com.bd
342,gizmodo.com
343,espncricinfo.com
344,verizonwireless.com
345,gsmarena.com
346,allrecipes.com
347,rediff.com
348,yaolan.com
349,ce.cn
350,ebay.in
351,intuit.com
352,avg.com
353,mailchimp.com
354,bloomberg.com
355,playstation.com
356,eastday.com
357,iqiyi.com
358,doublepimp.com
359,mashable.com
360,google.hu
361,watsons.tmall.com
362,conservativetribune.com
363,blogfa.com
364,popcash.net
365,dmm.com
366,answers.com
367,dell.com
368,tistory.com
369,adidas.tmall.com
370,jabong.com
371,flirchi.com
372,stumbleupon.com
373,kinogo.co
374,google.co.il
375,milliyet.com.tr
376,google.ie
377,impress.co.jp
378,kinopoisk.ru
379,wsj.com
380,evernote.com
381,engadget.com
382,bet365.com
383,siteadvisor.com
384,chaoshi.tmall.com
385,thepiratebay.se
386,livedoor.biz
387,quikr.com
388,sahibinden.com
389,douyutv.com
390,tube8.com
391,spaceshipads.com
392,google.cl
393,livedoor.com
394,lady8844.com
395,baike.com
396,varzesh3.com
397,irctc.co.in
398,google.dz
399,hootsuite.com
400,shopclues.com
401,newegg.com
402,pinimg.com
403,wordreference.com
404,bild.de
405,likes.com
406,39.net
407,savefrom.net
408,thesaurus.com
409,nordstrom.com
410,reuters.com
411,citi.com
412,medium.com
413,spiegel.de
414,lifehacker.com
415,yandex.ua
416,bleacherreport.com
417,hurriyet.com.tr
418,trello.com
419,teepr.com
420,bukalapak.com
421,retailmenot.com
422,google.no
423,gearbest.com
424,eyny.com
425,kompas.com
426,google.co.ve
427,ebay.it
428,doubleclick.net
429,vid.me
430,gameforge.com
431,chip.de
432,goal.com
433,all2lnk.com
434,extratorrent.cc
435,elpais.com
436,hm.com
437,wunderground.com
438,libero.it
439,4shared.com
440,ameba.jp
441,battle.net
442,meaww.com
443,gap.com
444,nba.com
445,cloudfront.net
446,lowes.com
447,nyaa.se
448,rt.com
449,gamefaqs.com
450,ask.fm
451,souq.com
452,17ok.com
453,xunlei.com
454,urdupoint.com
455,costco.com
456,hatena.ne.jp
457,ebay.com.au
458,adcash.com
459,k618.cn
460,airbnb.com
461,slack.com
462,marca.com
463,independent.co.uk
464,yodobashi.com
465,naukri.com
466,csdn.net
467,rottentomatoes.com
468,haber7.com
469,japanpost.jp
470,google.fi
471,expedia.com
472,blogimg.jp
473,asos.com
474,list-manage.com
475,youboy.com
476,udemy.com
477,xda-developers.com
478,google.sk
479,discovercard.com
480,foodnetwork.com
481,nbcnews.com
482,xl415.com
483,free.fr
484,shopify.com
485,olx.in
486,ancestry.com
487,xe.com
488,friv.com
489,photobucket.com
490,taleo.net
491,fandango.com
492,oracle.com
493,fiverr.com
494,abcnews.go.com
495,reference.com
496,patch.com
497,tabelog.com
498,fitbit.com
499,wish.com
500,infusionsoft.com
501,lenovo.com
502,exoclick.com
503,chinaz.com
504,woot.com
505,rbc.ru
506,nike.com
507,ebates.com
508,olx.pl
509,subscene.com
510,mobile.de
511,xbox.com
512,liveinternet.ru
513,nifty.com
514,repubblica.it
515,predictivadvertising.com
516,digikala.com
517,google.com.vn
518,google.dk
519,buzzfil.net
520,zomato.com
521,momoshop.com.tw
522,streamcloud.eu
523,bookmyshow.com
524,time.com
525,inspsearch.com
526,ppomppu.co.kr
527,realtor.com
528,so-net.ne.jp
529,billdesk.com
530,kickstarter.com
531,airtel.in
532,theverge.com
533,sears.com
534,fidelity.com
535,hupu.com
536,tokopedia.com
537,uploaded.net
538,ensonhaber.com
539,seesaa.net
540,verizon.com
541,yallakora.com
542,sabq.org
543,thefreedictionary.com
544,meetup.com
545,beeg.com
546,overstock.com
547,giphy.com
548,twoo.com
549,freepik.com
550,cnbeta.com
551,custhelp.com
552,azlyrics.com
553,nownews.com
554,zippyshare.com
555,aparat.com
556,blogspot.jp
557,microsoftstore.com
558,hespress.com
559,messenger.com
560,albawabhnews.com
561,gmarket.co.kr
562,sakura.ne.jp
563,zara.com
564,southwest.com
565,thekitchn.com
566,thesportbible.com
567,cbsnews.com
568,people.com
569,alexa.cn
570,moneycontrol.com
571,rednet.cn
572,gismeteo.ru
573,wayfair.com
574,scribd.com
575,instructables.com
576,ero-advertising.com
577,hotels.com
578,elmundo.es
579,okezone.com
580,bhaskar.com
581,adp.com
582,justdial.com
583,hatenablog.com
584,rdsa2012.com
585,youdao.com
586,box.com
587,yandex.kz
588,yandex.com.tr
589,roblox.com
590,techcrunch.com
591,mirror.co.uk
592,cookpad.com
593,clien.net
594,123cha.com
595,trulia.com
596,lifebuzz.com
597,kayak.com
598,itmedia.co.jp
599,plarium.com
600,asus.com
601,makemytrip.com
602,kijiji.ca
603,myway.com
604,jimdo.com
605,mydomainadvisor.com
606,warmportrait.com
607,nhadatso.com
608,disqus.com
609,nhk.or.jp
610,ca.gov
611,cbssports.com
612,jrj.com.cn
613,pof.com
614,ci123.com
615,mixi.jp
616,r10.net
617,mercadolibre.com.ar
618,upwork.com
619,yenisafak.com
620,pcmag.com
621,12306.cn
622,bhphotovideo.com
623,vnexpress.net
624,pch.com
625,indianexpress.com
626,drudgereport.com
627,jcpenney.com
628,intoday.in
629,corriere.it
630,hdzog.com
631,urbandictionary.com
632,usaa.com
633,biglobe.ne.jp
634,npr.org
635,eonline.com
636,norton.com
637,wikiwiki.jp
638,neobux.com
639,squarespace.com
640,315che.com
641,11st.co.kr
642,okcupid.com
643,timeanddate.com
644,surveymonkey.com
645,staples.com
646,aa.com
647,dropbooks.tv
648,ytimg.com
649,zing.vn
650,ero-video.net
651,stockstar.com
652,sharepoint.com
653,chinaso.com
654,list.tmall.com
655,alicdn.com
656,mi.com
657,to8to.com
658,bomb01.com
659,worldlifestyle.com
660,voc.com.cn
661,asahi.com
662,google.com.my
663,douban.com
664,cnmo.com
665,duckduckgo.com
666,faithtap.com
667,thewatchseries.to
668,cdiscount.com
669,agar.io
670,latimes.com
671,acfun.tv
672,gamepedia.com
673,india.com
674,subito.it
675,e-hentai.org
676,netteller.com
677,egou.com
678,21cn.com
679,suning.com
680,sh.st
681,megapopads.com
682,zoho.com
683,houzz.com
684,myfitnesspal.com
685,coursera.org
686,interia.pl
687,eastmoney.com
688,change.org
689,leagueoflegends.com
690,clipconverter.cc
691,lenta.ru
692,taringa.net
693,yadi.sk
694,howtogeek.com
695,gmanetwork.com
696,delta.com
697,nikkei.com
698,ebay.fr
699,fanli.com
700,gigazine.net
701,kdnet.net
702,walgreens.com
703,tmz.com
704,donga.com
705,codecanyon.net
706,cnbc.com
707,shareasale.com
708,infoseek.co.jp
709,wp.com
710,swagbucks.com
711,ew.com
712,slate.com
713,atwiki.jp
714,constantcontact.com
715,emol.com
716,tsite.jp
717,usbank.com
718,filehippo.com
719,blogspot.com.eg
720,rollingstone.com
721,fanpage.gr
722,commentcamarche.net
723,4dsply.com
724,kooora.com
725,elmogaz.com
726,statcounter.com
727,shaparak.ir
728,argos.co.uk
729,nydailynews.com
730,sq.cn
731,gutefrage.net
732,java.com
733,gamespot.com
734,chron.com
735,givemesport.com
736,investing.com
737,elfagr.org
738,ticketmaster.com
739,bodybuilding.com
740,google.lk
741,youjizz.com
742,zone-telechargement.com
743,superuser.com
744,mydala.com
745,biobiochile.cl
746,nexusmods.com
747,hostgator.com
748,51sole.com
749,weather.gov
750,sex.com
751,cnblogs.com
752,weblio.jp
753,cqnews.net
754,agoda.com
755,asana.com
756,banggood.com
757,elwatannews.com
758,exblog.jp
759,thehindu.com
760,toysrus.com
761,bedbathandbeyond.com
762,4pda.ru
763,kissanime.to
764,wired.com
765,emgn.com
766,google.co.nz
767,zulily.com
768,php.net
769,homepage-web.com
770,epweike.com
771,google.by
772,olx.ua
773,vk.me
774,pantip.com
775,mercadolibre.com.mx
776,mysmartprice.com
777,lazada.co.id
778,livescore.com
779,marketwatch.com
780,nikkeibp.co.jp
781,6pm.com
782,liveleak.com
783,metroer.com
784,issuu.com
785,behance.net
786,gazeta.pl
787,wattpad.com
788,gamersky.com
789,mynet.com
790,popsugar.com
791,westernjournalism.com
792,barnesandnoble.com
793,powerball.com
794,tomshardware.com
795,jin115.com
796,audible.com
797,wetransfer.com
798,geocities.jp
799,gyazo.com
800,sky.com
801,olx.com.br
802,inquirer.net
803,adservingsolutionsinc.com
804,imobile.com.cn
805,getpocket.com
806,blog.me
807,histats.com
808,seasonvar.ru
809,58.com
810,starbucks.com
811,google.rs
812,backpage.com
813,drom.ru
814,mit.edu
815,torcache.net
816,primewire.ag
817,auction.co.kr
818,prpops.com
819,rakuten.ne.jp
820,zappos.com
821,ria.ru
822,mihanblog.com
823,www.gov.uk
824,united.com
825,whitepages.com
826,videodownloadconverter.com
827,ted.com
828,gazetaexpress.com
829,padsdel.com
830,tnaflix.com
831,techradar.com
832,focus.de
833,appledaily.com.tw
834,n11.com
835,google.hr
836,americanas.com.br
837,wav.tv
838,zozo.jp
839,sfr.fr
840,premierleague.com
841,qunar.com
842,yomiuri.co.jp
843,kuronekoyamato.co.jp
844,126.com
845,kotaku.com
846,victoriassecret.com
847,bt.com
848,as.com
849,prntscr.com
850,fatosdesconhecidos.com.br
851,rightmove.co.uk
852,reverso.net
853,goo.gl
854,16lao.com
855,4chan.org
856,dingit.tv
857,intel.com
858,cloudsrvtrk.com
859,uniqlo.com
860,t-mobile.com
861,nairaland.com
862,babycenter.com
863,rapidgator.net
864,indianrail.gov.in
865,cracked.com
866,glassdoor.com
867,milanuncios.com
868,lun.com
869,wargaming.net
870,lemonde.fr
871,anitube.se
872,altervista.org
873,cam4.com
874,gittigidiyor.com
875,haberturk.com
876,abril.com.br
877,qvc.com
878,huya.com
879,irs.gov
880,priceline.com
881,mcafee.com
882,aweber.com
883,google.kz
884,lefigaro.fr
885,nypost.com
886,tutorialspoint.com
887,nhl.com
888,pchome.com.tw
889,hotnewhiphop.com
890,protect0r.com
891,shutterfly.com
892,googleadservices.com
893,quanjing.com
894,telegram.org
895,aliyun.com
896,sephora.com
897,tesco.com
898,vcommission.com
899,o2.pl
900,academia.edu
901,match.com
902,gamestop.com
903,thisav.com
904,lockerdome.com
905,sozcu.com.tr
906,lego.com
907,digitaltrends.com
908,novinky.cz
909,abplive.in
910,wiktionary.org
911,mackolik.com
912,123rf.com
913,bitly.com
914,trackingclick.net
915,workercn.cn
916,researchgate.net
917,hotstar.com
918,bs.to
919,informer.com
920,excite.co.jp
921,ampclicks.com
922,androidcentral.com
923,jumia.com.ng
924,office365.com
925,carview.co.jp
926,mobile01.com
927,masrawy.com
928,ibm.com
929,hepsiburada.com
930,allocine.fr
931,food.com
932,breitbart.com
933,atlassian.net
934,huaban.com
935,sopitas.com
936,clickadu.com
937,movie4k.to
938,104.com.tw
939,deezer.com
940,android.com
941,yandex.by
942,creditkarma.com
943,esuteru.com
944,images-amazon.com
945,fanfiction.net
946,legacy.com
947,vetogate.com
948,ruten.com.tw
949,clarin.com
950,mayoclinic.org
951,himado.in
952,mynavi.jp
953,google.com.kw
954,play1topgame.com
955,domaintools.com
956,ea.com
957,sbnation.com
958,disq.us
959,qidian.com
960,alwafd.org
961,gongchang.com
962,viralthread.com
963,voyeurhit.com
964,almasryalyoum.com
965,189.cn
966,cbs.com
967,otto.de
968,dianping.com
969,mapquest.com
970,nbcsports.com
971,clixsense.com
972,hgtv.com
973,ldblog.jp
974,sankei.com
975,cisco.com
976,mega.co.nz
977,fishki.net
978,line.me
979,hilton.com
980,syosetu.com
981,duolingo.com
982,windows.com
983,bestadbid.com
984,livestrong.com
985,coupons.com
986,saramin.co.kr
987,ehow.com
988,dreamstime.com
989,cocolog-nifty.com
990,chefkoch.de
991,114la.com
992,yellowpages.com
993,dailypakistan.com.pk
994,y8.com
995,cvs.com
996,eventbrite.com
997,pnc.com
998,national-lottery.co.uk
999,thedailybeast.com
1000,17track.net
1001,ebay.es
1002,ccm.net
1003,drtuber.com
1004,sponichi.co.jp
1005,sfgate.com
1006,blkget.com
1007,donanimhaber.com
1008,cda.pl
1009,theatlantic.com
1010,ebay.ca
1011,ccb.com
1012,marriott.com
1013,tagged.com
1014,6park.com
1015,garmin.com
1016,farsnews.com
1017,cpasbien.io
1018,makeuseof.com
1019,porn.com
1020,credit-agricole.fr
1021,southcn.com
1022,indiamart.com
1023,qingdaonews.com
1024,rarbg.to
1025,2chblog.jp
1026,ascii.jp
1027,slimspots.com
1028,yaplakal.com
1029,instructure.com
1030,3dmgame.com
1031,jw.org
1032,gnavi.co.jp
1033,tattoodo.com
1034,cbc.ca
1035,dafont.com
1036,tvguide.com
1037,google.bg
1038,idnes.cz
1039,pbs.org
1040,innfrad.com
1041,battlefield.com
1042,gawker.com
1043,sciencedirect.com
1044,sammydress.com
1045,mr-johal.com
1046,bankmellat.ir
1047,junbi-tracker.com
1048,buy.tmall.com
1049,samsclub.com
1050,deviantart.net
1051,yjc.ir
1052,citibank.co.in
1053,onlinecreditcenter6.com
1054,hdfilmifullizle.com.tr
1055,topix.com
1056,doisongphapluat.com
1057,bluehost.com
1058,marktplaats.nl
1059,investopedia.com
1060,myfreecams.com
1061,askubuntu.com
1062,rei.com
1063,etao.com
1064,blackboard.com
1065,efukt.com
1066,skysports.com
1067,webssearches.com
1068,genius.com
1069,discogs.com
1070,525j.com.cn
1071,mackeeper.com
1072,vine.co
1073,welt.de
1074,2ch-c.net
1075,pogo.com
1076,uber.com
1077,garanti.com.tr
1078,chekb.com
1079,kinox.to
1080,dlsite.com
1081,biblegateway.com
1082,setn.com
1083,merriam-webster.com
1084,today.com
1085,gemius.pl
1086,onliner.by
1087,mangafox.me
1088,gumtree.com.au
1089,eroterest.net
1090,pureadexchange.com
1091,niuche.com
1092,google.com.ec
1093,digg.com
1094,wiocha.pl
1095,lloydsbank.co.uk
1096,forever21.com
1097,si.com
1098,ultimate-guitar.com
1099,alfalfalfa.com
1100,nikkansports.com
1101,askmebazaar.com
1102,facenama.com
1103,sapo.pt
1104,duba.com
1105,google.com.do
1106,ukr.net
1107,cdstm.cn
1108,scoop.it
1109,sony.jp
1110,webex.com
1111,familydoctor.com.cn
1112,openload.co
1113,fotostrana.ru
1114,state.gov
1115,ozon.ru
1116,reclameaqui.com.br
1117,auto.ru
1118,aljazeera.net
1119,usnews.com
1120,paytm.in
1121,ryanair.com
1122,ed.gov
1123,labanquepostale.fr
1124,nationalgeographic.com
1125,dmv.org
1126,europa.eu
1127,foursquare.com
1128,news.com.au
1129,suara.com
1130,lanacion.com.ar
1131,axisbank.com
1132,express.pk
1133,basecamp.com
1134,panasonic.jp
1135,prothom-alo.com
1136,nnm-club.me
1137,hubspot.com
1138,royalbank.com
1139,hamariweb.com
1140,fool.com
1141,flashx.tv
1142,serving-sys.com
1143,mufg.jp
1144,jia.com
1145,immobilienscout24.de
1146,ecnavi.jp
1147,monster.com
1148,rakuten-card.co.jp
1149,caixa.gov.br
1150,gazzetta.it
1151,cinemablend.com
1152,oneindia.com
1153,uptobox.com
1154,v1.cn
1155,jagran.com
1156,pcworld.com
1157,disney.go.com
1158,lequipe.fr
1159,klikbca.com
1160,mbc.net
1161,zougla.gr
1162,blogspot.ru
1163,kizi.com
1164,schwab.com
1165,tgbus.com
1166,memecats.com
1167,vodlocker.com
1168,ulmart.ru
1169,trafficmonsoon.com
1170,nocookie.net
1171,narod.ru
1172,gumtree.com
1173,discover.com
1174,echo.msk.ru
1175,zeroredirect1.com
1176,capitalone360.com
1177,deadspin.com
1178,littlethings.com
1179,lacaixa.es
1180,takungpao.com
1181,pole-emploi.fr
1182,axisbank.co.in
1183,caixin.com
1184,pagesjaunes.fr
1185,focus.cn
1186,gofundme.com
1187,douguo.com
1188,newpoptab.com
1189,auntyacid.com
1190,apache.org
1191,lapatilla.com
1192,hsbc.co.uk
1193,wowhead.com
1194,usmagazine.com
1195,chosun.com
1196,1337x.to
1197,wow.com
1198,adme.ru
1199,khanacademy.org
1200,blogphongthuy.com
1201,4399.com
1202,drive2.ru
1203,aftonbladet.se
1204,avito.ma
1205,tripadvisor.co.uk
1206,vox.com
1207,sprint.com
1208,hollywoodreporter.com
1209,mint.com
1210,redfin.com
1211,mlb.com
1212,firstpost.com
1213,olx.co.id
1214,nmisr.com
1215,hindustantimes.com
1216,canva.com
1217,vesti.ru
1218,arstechnica.com
1219,myanimelist.net
1220,2345.com
1221,bitbucket.org
1222,cbslocal.com
1223,videomega.tv
1224,idealo.de
1225,submarino.com.br
1226,hubpages.com
1227,blogspot.de
1228,telekom.com
1229,piriform.com
1230,divar.ir
1231,theblaze.com
1232,stanford.edu
1233,google.si
1234,liveperson.net
1235,qz.com
1236,thepiratebay.la
1237,hulu.jp
1238,topoffers.click
1239,javedch.com
1240,lastpass.com
1241,filmweb.pl
1242,td.com
1243,lynda.com
1244,entrepreneur.com
1245,motherless.com
1246,google.lt
1247,folha.uol.com.br
1248,turbobit.net
1249,hh.ru
1250,mgid.com
1251,popped.biz
1252,daily.co.jp
1253,nextdoor.com
1254,ctrip.com
1255,tomsguide.com
1256,yam.com
1257,withgoogle.com
1258,opentable.com
1259,crunchyroll.com
1260,mic.com
1261,yahoo-mbga.jp
1262,smh.com.au
1263,vente-privee.com
1264,indiegogo.com
1265,gorillavid.in
1266,dhgate.com
1267,finishclueobscure.info
1268,blogspot.my
1269,bankrate.com
1270,opensubtitles.org
1271,harvard.edu
1272,tabnak.ir
1273,lg.com
1274,panet.co.il
1275,virginmedia.com
1276,teamviewer.com
1277,finn.no
1278,zhaopin.com
1279,gamewith.jp
1280,pretty52.com
1281,habrahabr.ru
1282,pikabu.ru
1283,boxofficemojo.com
1284,johnlewis.com
1285,spankbang.com
1286,tut.by
1287,mtv.com
1288,mileroticos.com
1289,xtube.com
1290,yts.ag
1291,himasoku.com
1292,dpreview.com
1293,nasa.gov
1294,solarmovie.ph
1295,istockphoto.com
1296,programme-tv.net
1297,nate.com
1298,super.cz
1299,cabelas.com
1300,kompasiana.com
1301,metrolyrics.com
1302,oschina.net
1303,typepad.com
1304,wiley.com
1305,commbank.com.au
1306,enews.com.tw
1307,daikynguyenvn.com
1308,xn--igbhe7b5a3d5a.com
1309,brassring.com
1310,directv.com
1311,kmart.com
1312,kizlarsoruyor.com
1313,redirectvoluum.com
1314,namu.wiki
1315,mvideo.ru
1316,miniclip.com
1317,icolor.com.cn
1318,abc.es
1319,springer.com
1320,telegram.me
1321,jalan.net
1322,1and1.com
1323,2gis.ru
1324,duowan.com
1325,persianblog.ir
1326,iherb.com
1327,globaltimes.cn
1328,2chan.net
1329,discuss.com.hk
1330,reallifecam.com
1331,prezi.com
1332,ivc.cn
1333,thechive.com
1334,weheartit.com
1335,dhl.com
1336,list-manage1.com
1337,wetter.com
1338,airasia.com
1339,ampxchange.com
1340,archiveofourown.org
1341,goodgamestudios.com
1342,pconline.com.cn
1343,xiami.com
1344,mail.com
1345,barclaycardus.com
1346,hotukdeals.com
1347,complex.com
1348,unblocked.pe
1349,foxsports.com
1350,eenadu.net
1351,rozblog.com
1352,cleartrip.com
1353,shaadi.com
1354,salon.com
1355,ouo.io
1356,popmaster.ir
1357,ibnlive.com
1358,jezebel.com
1359,politico.com
1360,fnac.com
1361,uludagsozluk.com
1362,dict.cc
1363,postbank.de
1364,hibapress.com
1365,boredpanda.com
1366,ad4game.com
1367,zergnet.com
1368,sulekha.com
1369,autotrader.com
1370,am15.net
1371,skroutz.gr
1372,websta.me
1373,abc.net.au
1374,4gamer.net
1375,jeuxvideo.com
1376,sputniknews.com
1377,anjuke.com
1378,noaa.gov
1379,polyvore.com
1380,argaam.com
1381,nudevista.com
1382,mangareader.net
1383,wanyh.com
1384,thevideo.me
1385,convert2mp3.net
1386,wildberries.ru
1387,lightinthebox.com
1388,imagebam.com
1389,mediaplex.com
1390,icims.com
1391,chouftv.ma
1392,drugs.com
1393,rakuten.com
1394,blog.ir
1395,cambridge.org
1396,picofile.com
1397,gotporn.com
1398,aarp.org
1399,autoscout24.de
1400,tunein.com
1401,sitepoint.com
1402,macrumors.com
1403,haberler.com
1404,quizlet.com
1405,cricbuzz.com
1406,perfectgirls.net
1407,ing.nl
1408,tempo.co
1409,24h.com.vn
1410,postimg.org
1411,flightradar24.com
1412,wunderlist.com
1413,minecraft.net
1414,mts.ru
1415,google.iq
1416,lotterypost.com
1417,bahn.de
1418,dostor.org
1419,refinery29.com
1420,greatergood.com
1421,linternaute.com
1422,kbb.com
1423,vg.no
1424,bandcamp.com
1425,olx.ro
1426,torrentz.com
1427,admaimai.com
1428,ptt.cc
1429,lifenews.ru
1430,all-free-download.com
1431,infobae.com
1432,dl-protect.com
1433,ravelry.com
1434,virgilio.it
1435,brainyquote.com
1436,renren.com
1437,cityadspix.com
1438,orbitz.com
1439,xing.com
1440,fnb.co.za
1441,togetter.com
1442,sonyentertainmentnetwork.com
1443,bustle.com
1444,ig.com.br
1445,rozetka.com.ua
1446,itau.com.br
1447,poste.it
1448,linkwithin.com
1449,po.st
1450,buscape.com.br
1451,nipic.com
1452,kinja.com
1453,hexun.com
1454,dns-shop.ru
1455,express.co.uk
1456,moz.com
1457,yr.no
1458,mxttrf.com
1459,shufoo.net
1460,google.com.gt
1461,filmibeat.com
1462,emao.com
1463,g2a.com
1464,unicredit.it
1465,toranoana.jp
1466,dawn.com
1467,chicagotribune.com
1468,tutsplus.com
1469,masralarabia.com
1470,citibankonline.com
1471,phonearena.com
1472,humblebundle.com
1473,payoneer.com
1474,dealnews.com
1475,autohome.com.cn
1476,telegraaf.nl
1477,getbootstrap.com
1478,esquire.com
1479,softpedia.com
1480,interpark.com
1481,unity3d.com
1482,cars.com
1483,blogspot.tw
1484,mediaset.it
1485,epicurious.com
1486,jobrapido.com
1487,google.lv
1488,gazeta.ru
1489,here.com
1490,500px.com
1491,adslgate.com
1492,inc.com
1493,sou300.com
1494,yhd.com
1495,last.fm
1496,sindonews.com
1497,ny.gov
1498,sanook.com
1499,edmunds.com
1500,nuvid.com
1501,newyorker.com
1502,privatbank.ua
1503,fortune.com
1504,iza.ne.jp
1505,go2000.com
1506,ubuntu.com
1507,torrentz.in
1508,staticwebdom.com
1509,bestbuy.ca
1510,picmonkey.com
1511,watchseries.li
1512,caf.fr
1513,torrentkim1.net
1514,worldstarhiphop.com
1515,timewarnercable.com
1516,hsn.com
1517,mydrivers.com
1518,heise.de
1519,streamin.to
1520,patheos.com
1521,gumtree.co.za
1522,jacquielawson.com
1523,justporno.tv
1524,metacritic.com
1525,officedepot.com
1526,iconosquare.com
1527,chiphell.com
1528,computerbild.de
1529,consumerreports.org
1530,p5w.net
1531,seekingalpha.com
1532,feng.com
1533,filmesonlinegratis.net
1534,strava.com
1535,ibanking-services.com
1536,pixabay.com
1537,blackhatworld.com
1538,todayhumor.co.kr
1539,jqw.com
1540,clpremdo.com
1541,over-blog.com
1542,nosub.tv
1543,bol.com
1544,1tv.ru
1545,pixlr.com
1546,7769domain.com
1547,gidonline.club
1548,gaana.com
1549,1und1.de
1550,mirtesen.ru
1551,a10.com
1552,jalopnik.com
1553,peyvandha.ir
1554,iflscience.com
1555,nguoiduatin.vn
1556,kongregate.com
1557,llbean.com
1558,goibibo.com
1559,realsimple.com
1560,projectfreetv.so
1561,diynetwork.com
1562,searchengineland.com
1563,sporx.com
1564,truecaller.com
1565,tradedoubler.com
1566,worldoftanks.ru
1567,cafemom.com
1568,codepen.io
1569,shop-pro.jp
1570,vporn.com
1571,dailykos.com
1572,digitalocean.com
1573,freecharge.in
1574,vanguard.com
1575,serverfault.com
1576,freelancer.com
1577,eztv.ag
1578,docin.com
1579,wwe.com
1580,smi2.ru
1581,billboard.com
1582,leo.org
1583,autotrader.co.uk
1584,emirates.com
1585,tribunnews.com
1586,internethaber.com
1587,wnd.com
1588,dickssportinggoods.com
1589,samplicio.us
1590,dnaindia.com
1591,sunporno.com
1592,ticketmonster.co.kr
1593,disney.com
1594,17173.com
1595,codecademy.com
1596,id.net
1597,santander.co.uk
1598,ucoz.ru
1599,hotpepper.jp
1600,blomaga.jp
1601,allabout.co.jp
1602,metro.co.uk
1603,jcrew.com
1604,dhl.de
1605,alice.it
1606,baixaki.com.br
1607,redbox.com
1608,ilmeteo.it
1609,jugem.jp
1610,epochtimes.com
1611,frys.com
1612,smartshopping.com
1613,planetromeo.com
1614,gougou.com
1615,avira.com
1616,baimao.com
1617,depositphotos.com
1618,bsnl.in
1619,ranker.com
1620,fatwallet.com
1621,shasha.ps
1622,blocket.se
1623,azet.sk
1624,bioyun.com
1625,mtsindia.in
1626,taimienphi.vn
1627,vulkan.site
1628,jet.com
1629,ocn.ne.jp
1630,layalina.com
1631,panda.tv
1632,economist.com
1633,fanhuan.com
1634,ajanshaber.com
1635,jb51.net
1636,hamusoku.com
1637,freejobalert.com
1638,cloudflare.com
1639,brazzers.com
1640,alarabiya.net
1641,1111.tmall.com
1642,secureinternetbank.com
1643,utorrent.com
1644,carwale.com
1645,pcadvisor.co.uk
1646,arcot.com
1647,kaspersky.com
1648,wittyfeed.com
1649,bab.la
1650,360doc.com
1651,asriran.com
1652,likemag.com
1653,traidnt.net
1654,bmi.ir
1655,28.com
1656,manoramaonline.com
1657,mainichi.jp
1658,editor.wix.com
1659,adultfriendfinder.com
1660,howstuffworks.com
1661,cityheaven.net
1662,evite.com
1663,caisse-epargne.fr
1664,boc.cn
1665,nitroflare.com
1666,munrvscurlms.com
1667,qualtrics.com
1668,vrbo.com
1669,businessweekly.com.tw
1670,dangdang.com
1671,t411.in
1672,beytoote.com
1673,ngacn.cc
1674,konga.com
1675,talk.tw
1676,my-hit.org
1677,searchlock.com
1678,rev2pub.com
1679,nu.nl
1680,ceconline.com
1681,ynet.co.il
1682,mangahere.co
1683,dropboxusercontent.com
1684,google.tn
1685,danawa.com
1686,codeproject.com
1687,otomoto.pl
1688,marksandspencer.com
1689,ceneo.pl
1690,ft.com
1691,nttdocomo.co.jp
1692,trkute.com
1693,bb.com.br
1694,indeed.co.in
1695,lindaikejisblog.com
1696,mercadolibre.com.ve
1697,greatandhra.com
1698,tripadvisor.in
1699,staticflickr.com
1700,cosmopolitan.com
1701,pastebin.com
1702,logitech.com
1703,alexa.com
1704,orf.at
1705,zimbio.com
1706,alohatube.com
1707,nyaa.eu
1708,rr.com
1709,urbanoutfitters.com
1710,nextmedia.com
1711,healthline.com
1712,kinozal.tv
1713,bigcinema.tv
1714,01net.com
1715,smzdm.com
1716,suntrust.com
1717,webmoney.ru
1718,video-one.com
1719,lostfilm.tv
1720,realestate.com.au
1721,earthlink.net
1722,cox.net
1723,marmiton.org
1724,bizjournals.com
1725,newsnow.co.uk
1726,jsfiddle.net
1727,admtpmp123.com
1728,homeaway.com
1729,toptenreviews.com
1730,w3.org
1731,variety.com
1732,rappler.com
1733,xmediaserve.com
1734,247sports.com
1735,engageya.com
1736,nbc.com
1737,yourdailydish.com
1738,superinterstitial.com
1739,icbc.com.cn
1740,ddanzi.com
1741,tvn24.pl
1742,trklnks.com
1743,halifax-online.co.uk
1744,flirt4free.com
1745,mizuhobank.co.jp
1746,nymag.com
1747,google-analytics.com
1748,goodhousekeeping.com
1749,wmaraci.com
1750,ihg.com
1751,okwave.jp
1752,empflix.com
1753,meishichina.com
1754,eldorado.ru
1755,televisionfanatic.com
1756,skycn.com
1757,sportsdirect.com
1758,rutube.ru
1759,allmyvideos.net
1760,kapook.com
1761,vistaprint.com
1762,internetdownloadmanager.com
1763,pcgamer.com
1764,gstatic.com
1765,news24.com
1766,webcrawler.com
1767,fang.com
1768,fiducia.de
1769,iciba.com
1770,debate.com.mx
1771,grammarly.com
1772,spankwire.com
1773,dw.com
1774,jiameng.com
1775,meb.gov.tr
1776,stubhub.com
1777,abc.go.com
1778,99acres.com
1779,vsuch.com
1780,vagalume.com.br
1781,zazzle.com
1782,haraj.com.sa
1783,bayt.com
1784,hsbc.com.hk
1785,softbank.jp
1786,ulta.com
1787,elcorteingles.es
1788,srv2trking.com
1789,rakuten-bank.co.jp
1790,indeed.co.uk
1791,lonelyplanet.com
1792,joins.com
1793,qianlong.com
1794,newtab-tv.com
1795,adservone.com
1796,berkeley.edu
1797,dominos.com
1798,lavanguardia.com
1799,cheezburger.com
1800,maybank2u.com.my
1801,forocoches.com
1802,userscloud.com
1803,forgeofempires.com
1804,bc.vc
1805,google.com.pr
1806,10086.cn
1807,namecheap.com
1808,ntdtv.com
1809,terra.com.br
1810,comenity.net
1811,bradesco.com.br
1812,scoopwhoop.com
1813,startimes.com
1814,lds.org
1815,ibtimes.co.uk
1816,google.co.ma
1817,thenextweb.com
1818,mediamarkt.de
1819,forfreeupgrades.org
1820,zdnet.com
1821,cankaoxiaoxi.com
1822,tdbank.com
1823,iltalehti.fi
1824,rackspace.com
1825,theweathernetwork.com
1826,ex.ua
1827,gamefactory.jp
1828,uproxx.com
1829,ijreview.com
1830,pizzahut.com
1831,crhoy.com
1832,avast.com
1833,watchfree.to
1834,wonderlandads.com
1835,wuxiaworld.com
1836,doodle.com
1837,myspace.com
1838,marthastewart.com
1839,zedo.com
1840,gamme.com.tw
1841,porntube.com
1842,tiscali.it
1843,absoluteclickscom.com
1844,telegraf.com.ua
1845,sznews.com
1846,ana.co.jp
1847,xkcd.com
1848,famitsu.com
1849,ilfattoquotidiano.it
1850,att.net
1851,ssisurveys.com
1852,sueddeutsche.de
1853,zwaar.net
1854,suruga-ya.jp
1855,tilestwra.com
1856,slashdot.org
1857,merdeka.com
1858,imagefap.com
1859,saisoncard.co.jp
1860,kenh14.vn
1861,ad6media.fr
1862,ns5n.com
1863,zimuzu.tv
1864,mentalfloss.com
1865,lifehack.org
1866,criteo.com
1867,city-data.com
1868,bastillepost.com
1869,dribbble.com
1870,yoox.com
1871,clicksvenue.com
1872,elconfidencial.com
1873,rockstargames.com
1874,yoursites123.com
1875,distractify.com
1876,weightwatchers.com
1877,techbang.com
1878,kp.ru
1879,shoutmeloud.com
1880,ivi.ru
1881,sp.gov.br
1882,gotowebinar.com
1883,admtpmp124.com
1884,williamhill.com
1885,kddi.com
1886,snopes.com
1887,aastocks.com
1888,slopeaota.com
1889,koph.info
1890,lohaco.jp
1891,techtudo.com.br
1892,dummies.com
1893,rocketnews24.com
1894,psu.edu
1895,miui.com
1896,elcomercio.pe
1897,pochta.ru
1898,ksl.com
1899,jquery.com
1900,index.hu
1901,kuwo.cn
1902,tinypic.com
1903,dcinside.com
1904,bloglovin.com
1905,fromdoctopdf.com
1906,bbt.com
1907,flashscore.com
1908,square-enix.com
1909,viralands.com
1910,extra.com.br
1911,aucfan.com
1912,moviepilot.com
1913,gotomeeting.com
1914,fastpic.ru
1915,umblr.com
1916,ali213.net
1917,ning.com
1918,netdna-cdn.com
1919,edx.org
1920,bintang.com
1921,tebyan.net
1922,citilink.ru
1923,yaraon-blog.com
1924,britishairways.com
1925,wyborcza.pl
1926,trade.tmall.com
1927,imgchili.net
1928,pps.tv
1929,origin.com
1930,vulture.com
1931,journaldesfemmes.com
1932,17k.com
1933,lazada.co.th
1934,gizmodo.jp
1935,feelfree4update.com
1936,timeout.com
1937,bigbogo.net
1938,zeit.de
1939,correios.com.br
1940,babylon.com
1941,pornolaba.com
1942,ralphlauren.com
1943,meituan.com
1944,vector.co.jp
1945,jetblue.com
1946,brides.com.cn
1947,giga.de
1948,priceminister.com
1949,clickbank.com
1950,androidauthority.com
1951,starwoodhotels.com
1952,easyjet.com
1953,trafstarcurlms.com
1954,pelis24.com
1955,vodafone.in
1956,alfabank.ru
1957,who.is
1958,globaltestmarket.com
1959,zaman.com.tr
1960,admtpmp127.com
1961,zalukaj.tv
1962,nrk.no
1963,warriorforum.com
1964,blogsky.com
1965,currys.co.uk
1966,searchalgo.com
1967,careerbuilder.com
1968,world.tmall.com
1969,ibtimes.com
1970,friendlife.com
1971,monotaro.com
1972,leparisien.fr
1973,khabaronline.ir
1974,radikal.com.tr
1975,papajohns.com
1976,protothema.gr
1977,online-convert.com
1978,bttiantang.com
1979,5dcar.com
1980,plex.tv
1981,mobafire.com
1982,smallseotools.com
1983,zalando.de
1984,vip.com
1985,huawei.com
1986,pornmd.com
1987,techtarget.com
1988,polygon.com
1989,trademe.co.nz
1990,medicinenet.com
1991,traffichunt.com
1992,zybang.com
1993,nouvelobs.com
1994,tv.com
1995,creditmutuel.fr
1996,landsend.com
1997,okta.com
1998,mango.com
1999,malltail.com
2000,shahrekhabar.com
2001,moudamepo.com
2002,viva.co.id
2003,irpopup.ir
2004,championat.com
2005,ae.com
2006,fetlife.com
2007,plurk.com
2008,amarujala.com
2009,sbisec.co.jp
2010,nesn.com
2011,takealot.com
2012,sierratradingpost.com
2013,blogspot.com.ng
2014,mysql.com
2015,travelocity.com
2016,dantri.com.vn
2017,yandex.com
2018,ubi.com
2019,51job.com
2020,standardmedia.co.ke
2021,walmart.com.br
2022,way2sms.com
2023,house365.com
2024,thepiratebay.gd
2025,abchina.com
2026,qiwi.com
2027,20minutes.fr
2028,thepennyhoarder.com
2029,mashreghnews.ir
2030,juegos.com
2031,craigslist.ca
2032,faz.net
2033,bbb.org
2034,bigfishgames.com
2035,keepvid.com
2036,barclays.co.uk
2037,vidto.me
2038,ck101.com
2039,trustpilot.com
2040,nowvideo.sx
2041,vmware.com
2042,jia360.com
2043,scotiabank.com
2044,thepiratebay.mn
2045,591.com.tw
2046,nguyentandung.org
2047,tim.it
2048,szn.cz
2049,autoblog.com
2050,news-us.jp
2051,autodesk.com
2052,popmyads.com
2053,chess.com
2054,themillionaireinpjs.com
2055,1111.com.tw
2056,feedbackexplorer.com
2057,shine.com
2058,href.li
2059,payu.in
2060,apartmenttherapy.com
2061,camelcamelcamel.com
2062,yify-torrent.org
2063,51cto.com
2064,etorrent.co.kr
2065,20minutos.es
2066,cheatsheet.com
2067,healthcare.gov
2068,sport1.de
2069,charter.net
2070,contentabc.com
2071,proxyindex.in
2072,republika.co.id
2073,neogaf.com
2074,ghanaweb.com
2075,next.co.uk
2076,amd.com
2077,gazetevatan.com
2078,skyscanner.net
2079,macromill.com
2080,rtve.es
2081,flipboard.com
2082,kienthuc.net.vn
2083,chinatimes.com
2084,caribbeancom.com
2085,gocomics.com
2086,tosarang2.net
2087,i.ua
2088,aljazeera.com
2089,envato.com
2090,akb48matomemory.com
2091,rbcroyalbank.com
2092,tiu.ru
2093,venturead.com
2094,hizliresim.com
2095,coupang.com
2096,pornhd.com
2097,redbubble.com
2098,tasnimnews.com
2099,periscope.tv
2100,rackcdn.com
2101,amazon.com.mx
2102,gomovix.com
2103,skyrock.com
2104,toyokeizai.net
2105,meteofrance.com
2106,carsensor.net
2107,bom.gov.au
2108,iltasanomat.fi
2109,googlevideo.com
2110,nature.com
2111,rimanews.com
2112,collegeboard.org
2113,irecommend.ru
2114,banki.ru
2115,n-tv.de
2116,smallpdf.com
2117,repelis.tv
2118,sheknows.com
2119,health.com
2120,navyfederal.org
2121,ssa.gov
2122,bartarinha.ir
2123,aljaras.com
2124,asda.com
2125,musica.com
2126,potterybarn.com
2127,livingsocial.com
2128,ustream.tv
2129,chooseauto.com.cn
2130,duga.jp
2131,makepolo.com
2132,beeline.ru
2133,laposte.net
2134,python.org
2135,exam8.com
2136,chomikuj.pl
2137,chatwork.com
2138,heureka.cz
2139,creativemarket.com
2140,el-nacional.com
2141,51auto.com
2142,coolmath-games.com
2143,synchronycredit.com
2144,trustedreviews.com
2145,dx.com
2146,blic.rs
2147,jal.co.jp
2148,rabobank.nl
2149,fanatik.com.tr
2150,onclicktop.com
2151,windows.net
2152,gilt.com
2153,addtoany.com
2154,tf1.fr
2155,brightside.me
2156,examiner.com
2157,putlocker.ms
2158,icook.tw
2159,tubepatrol.net
2160,screenrant.com
2161,hihi2.com
2162,ibtimes.co.in
2163,lazada.com.my
2164,mangapanda.com
2165,58pic.com
2166,netshoes.com.br
2167,blog.com
2168,ink361.com
2169,msnbc.com
2170,casasbahia.com.br
2171,megogo.net
2172,tenki.jp
2173,laredoute.fr
2174,alimama.com
2175,makeleio.gr
2176,healthgrades.com
2177,sonymobile.com
2178,rrbonlinereg.in
2179,dagbladet.no
2180,upworthy.com
2181,sexvideos88.com
2182,avclub.com
2183,mystartsearch.com
2184,societegenerale.fr
2185,inven.co.kr
2186,thepiratebay.vg
2187,adstract.com
2188,realclearpolitics.com
2189,xvideo-jp.com
2190,overdrive.com
2191,cnki.net
2192,zerohedge.com
2193,elle.com.tw
2194,vanguardngr.com
2195,hollywoodlife.com
2196,animaljam.com
2197,adam4adam.com
2198,phoenixads.co.in
2199,medscape.com
2200,docusign.net
2201,umich.edu
2202,cafe24.com
2203,xueqiu.com
2204,bhg.com
2205,pex.jp
2206,inmotionhosting.com
2207,wetalk.tw
2208,tbs.co.jp
2209,tokyo.jp
2210,google.jo
2211,iheart.com
2212,kaiserpermanente.org
2213,deutsche-bank.de
2214,zoosk.com
2215,gumtree.pl
2216,bestsearcher.net
2217,rutor.org
2218,templatemonster.com
2219,sanjesh.org
2220,ccb.com.cn
2221,payseal.com
2222,eafyfsuh.net
2223,yatra.com
2224,bdnews24.com
2225,olx.kz
2226,state.tx.us
2227,jz123.cn
2228,bigpoint.com
2229,onlinekhabar.com
2230,prom.ua
2231,buzzlie.com
2232,smbc-card.com
2233,mbank.pl
2234,oxu.az
2235,collegehumor.com
2236,doc88.com
2237,slidesharecdn.com
2238,cliponyu.com
2239,one.com
2240,suumo.jp
2241,ap.org
2242,bancsabadell.com
2243,idealista.com
2244,trafficfactory.biz
2245,thehill.com
2246,sport.es
2247,webs.com
2248,n156adserv.com
2249,docomo.ne.jp
2250,etrade.com
2251,study.com
2252,ekantipur.com
2253,b2b.cn
2254,debenhams.com
2255,almubasher.com.sa
2256,blogspot.kr
2257,sports.ru
2258,money.pl
2259,tass.ru
2260,ipeen.com.tw
2261,gome.com.cn
2262,lagaceta.com.ar
2263,bloomingdales.com
2264,googleapis.com
2265,concursolutions.com
2266,made-in-china.com
2267,proboards.com
2268,westpac.com.au
2269,pornolab.net
2270,thestreet.com
2271,google.com.gh
2272,emag.ro
2273,elevenia.co.id
2274,wemakeprice.com
2275,offerfactory.click
2276,geico.com
2277,178.com
2278,bbva.es
2279,plala.or.jp
2280,sourcenext.com
2281,boots.com
2282,jra.go.jp
2283,clubic.com
2284,luxtarget.com
2285,netsuite.com
2286,bancobrasil.com.br
2287,120ask.com
2288,lazada.com.ph
2289,psychologytoday.com
2290,kicker.de
2291,web.tv
2292,zhibo8.cc
2293,graphicriver.net
2294,mercola.com
2295,newsmth.net
2296,columbia.edu
2297,theonion.com
2298,onlylady.com
2299,blu-ray.com
2300,b9dm.com
2301,qatarairways.com
2302,teespring.com
2303,eluniverso.com
2304,jetbrains.com
2305,imagetwist.com
2306,michaels.com
2307,myegy.to
2308,zcool.com.cn
2309,cb01.eu
2310,redbus.in
2311,voyages-sncf.com
2312,istartsurf.com
2313,mos.ru
2314,p30download.com
2315,farfesh.com
2316,libraryreserve.com
2317,jmw.com.cn
2318,caranddriver.com
2319,smokik.com
2320,lcl.fr
2321,pudelek.pl
2322,youradexchange.com
2323,inquisitr.com
2324,games1234.com
2325,blkget8.com
2326,jma.go.jp
2327,cdc.gov
2328,google.ba
2329,seriouseats.com
2330,wpbeginner.com
2331,neimanmarcus.com
2332,nacion.com
2333,cc.com
2334,cmbchina.com
2335,myrecipes.com
2336,lvmama.com
2337,matomeantena.com
2338,marketgid.com
2339,atpanel.com
2340,zoopla.co.uk
2341,ycombinator.com
2342,sony.com
2343,squareup.com
2344,hitc.com
2345,surveyrouter.com
2346,elcomercio.com
2347,logmein.com
2348,hongkiat.com
2349,moneysavingexpert.com
2350,ford.com
2351,exhentai.org
2352,webry.info
2353,baomihua.com
2354,kinokrad.net
2355,livestream.com
2356,sbrf.ru
2357,christian-dogma.com
2358,vtv.vn
2359,mtime.com
2360,laposte.fr
2361,8tracks.com
2362,unam.mx
2363,filelist.ro
2364,buffer.com
2365,willhaben.at
2366,expressen.se
2367,soccerway.com
2368,boardgamegeek.com
2369,weathernews.jp
2370,vidzi.tv
2371,ponparemall.com
2372,rivals.com
2373,angieslist.com
2374,slrclub.com
2375,thrillist.com
2376,bol.uol.com.br
2377,funtime4less.com
2378,mundosexanuncio.com
2379,thinkgeek.com
2380,ssg.com
2381,centrum.cz
2382,vibbo.com
2383,google.com.bo
2384,le360.ma
2385,saavn.com
2386,opensooq.com
2387,eol.cn
2388,turkiye.gov.tr
2389,tasteofhome.com
2390,coupondunia.in
2391,viralnova.com
2392,fotolia.com
2393,attn.com
2394,fivethirtyeight.com
2395,delfi.lt
2396,sanspo.com
2397,showroomprive.com
2398,malwarebytes.org
2399,ccavenue.com
2400,techinsider.io
2401,jibjab.com
2402,regions.com
2403,gravatar.com
2404,filmon-network.com
2405,yify-movie.com
2406,fynsy.com
2407,yimg.jp
2408,365jia.cn
2409,tmall.hk
2410,sugklonistiko.gr
2411,netcoc.com
2412,dmzj.com
2413,centurylink.com
2414,aizhan.com
2415,similarweb.com
2416,doctissimo.fr
2417,rrbonlinereg.net
2418,movierulz.to
2419,budsgunshop.com
2420,po-kaki-to.com
2421,megafon.ru
2422,kanald.com.tr
2423,cumhuriyet.com.tr
2424,bouyguestelecom.fr
2425,indiarailinfo.com
2426,betfair.com
2427,cna.com.tw
2428,tripadvisor.it
2429,anipo.jp
2430,07073.com
2431,huffingtonpost.co.uk
2432,perezhilton.com
2433,wykop.pl
2434,zdf.de
2435,cornell.edu
2436,say-move.org
2437,timesjobs.com
2438,fakt.pl
2439,lumosity.com
2440,shadbase.com
2441,getresponse.com
2442,anthropologie.com
2443,pontofrio.com.br
2444,newsmax.com
2445,ameritrade.com
2446,business-standard.com
2447,kotak.com
2448,biccamera.com
2449,sifyitest.com
2450,biblehub.com
2451,bgr.com
2452,promptfile.com
2453,www.nhs.uk
2454,streamcomplet.com
2455,torrenthound.com
2456,dxy.cn
2457,pulsk.com
2458,offpageads.com
2459,mindbodyonline.com
2460,dorkly.com
2461,razerzone.com
2462,yle.fi
2463,twipple.jp
2464,csfd.cz
2465,elegantthemes.com
2466,ahrefs.com
2467,google.co.tz
2468,ilsole24ore.com
2469,elle.com
2470,letras.mus.br
2471,yoursearch.me
2472,menshealth.com
2473,keywordblocks.com
2474,alhea.com
2475,gtbank.com
2476,dytt8.net
2477,pbskids.org
2478,manualslib.com
2479,xiaomi.com
2480,joomla.org
2481,tukif.com
2482,heavy.com
2483,seesaawiki.jp
2484,naijaloaded.com.ng
2485,nesaporn.com
2486,ingbank.pl
2487,stern.de
2488,sbicard.com
2489,cardekho.com
2490,isna.ir
2491,naij.com
2492,milli.az
2493,blackberry.com
2494,gruposantander.es
2495,popmog.com
2496,xsrv.jp
2497,thomann.de
2498,tagesschau.de
2499,nur.kz
2500,whois.com
2501,taoche.com
2502,ashleyrnadison.com
2503,musavat.com
2504,adsrvmedia.net
2505,crunchbase.com
2506,washington.edu
2507,yahoo.net
2508,eroprofile.com
2509,skrill.com
2510,gtmetrix.com
2511,when.com
2512,tnt-online.ru
2513,pointtown.com
2514,onlinemoviewatchs.com
2515,manta.com
2516,bakufu.jp
2517,oricon.co.jp
2518,yourdictionary.com
2519,animeflv.net
2520,metrotvnews.com
2521,ipko.pl
2522,natwest.com
2523,bigcartel.com
2524,dawanda.com
2525,cloob.com
2526,mundodeportivo.com
2527,zopim.com
2528,zeroredirect2.com
2529,gamesperson.com
2530,darty.com
2531,solarmovie.ac
2532,go2cloud.org
2533,forexfactory.com
2534,dubizzle.com
2535,sagawa-exp.co.jp
2536,hotwire.com
2537,trovi.com
2538,lexpress.fr
2539,baiducontent.com
2540,ipage.com
2541,kkbox.com
2542,pepperfry.com
2543,banquepopulaire.fr
2544,canon.jp
2545,alitrip.com
2546,trafficserving.com
2547,yummly.com
2548,uploadboy.com
2549,zum.com
2550,craftsy.com
2551,siriusxm.com
2552,ttshow.tw
2553,walla.co.il
2554,qiita.com
2555,ntv.com.tr
2556,popularmechanics.com
2557,windowscentral.com
2558,ouedkniss.com
2559,iminent.com
2560,spokeo.com
2561,farfetch.com
2562,ilbe.com
2563,nj.com
2564,jobzella.com
2565,hyatt.com
2566,sfglobe.com
2567,shopstyle.com
2568,videolan.org
2569,citrixonline.com
2570,bama.ir
2571,hugedomains.com
2572,murmurapp.com
2573,bizrate.com
2574,couchtuner.ag
2575,itv.com
2576,nationwide.co.uk
2577,cyol.com
2578,ebrun.com
2579,walmart.ca
2580,nordstromrack.com
2581,tecmundo.com.br
2582,google.ee
2583,nseindia.com
2584,ieee.org
2585,comicbook.com
2586,18374ir.com
2587,blogos.com
2588,cdninstagram.com
2589,privat24.ua
2590,whatculture.com
2591,safefinder.com
2592,williams-sonoma.com
2593,cargurus.com
2594,mysynchrony.com
2595,zap2it.com
2596,xiu.com
2597,cibc.com
2598,ingdirect.es
2599,minuto30.com
2600,iobit.com
2601,yoob.com
2602,masturbate.io
2603,vogue.com.tw
2604,livemaster.ru
2605,ynet.com
2606,trovaprezzi.it
2607,elsevier.com
2608,1fichier.com
2609,commerzbank.de
2610,whenupgradeswork.com
2611,uscis.gov
2612,magicbricks.com
2613,wetteronline.de
2614,qoo10.sg
2615,futhead.com
2616,finishline.com
2617,literotica.com
2618,lamoda.ru
2619,pingdom.com
2620,researchnow.com
2621,adk2x.com
2622,everydayhealth.com
2623,techrepublic.com
2624,logicsgames.com
2625,ucla.edu
2626,c-ij.com
2627,cima4u.tv
2628,xinjunshi.com
2629,allmusic.com
2630,pitchfork.com
2631,tigerdirect.com
2632,arecio.work
2633,1varzesh.com
2634,standardchartered.com
2635,clickjogos.com.br
2636,almorakib.com
2637,v9.com
2638,upsocl.com
2639,ubuntuforums.org
2640,adidas.com
2641,css-tricks.com
2642,wangtu.com
2643,flaticon.com
2644,thoughtcatalog.com
2645,onlymyhealth.com
2646,emuch.net
2647,askmen.com
2648,backcountry.com
2649,tfile.me
2650,omni7.jp
2651,citibank.com
2652,omegle.com
2653,kt9267.com
2654,eltiempo.com
2655,bmo.com
2656,freelotto.com
2657,weather.com.cn
2658,amung.us
2659,blockchain.info
2660,csgolounge.com
2661,tvbs.com.tw
2662,hateblo.jp
2663,mamba.ru
2664,rotoworld.com
2665,bettycrocker.com
2666,telekom.de
2667,mediametrics.ru
2668,sinaimg.cn
2669,vz.ru
2670,misr5.com
2671,diigo.com
2672,books.com.tw
2673,boston.com
2674,cox.com
2675,joyme.com
2676,j-cast.com
2677,junkmail.co.za
2678,freenet.de
2679,sport.cz
2680,serviporno.com
2681,jjwxc.net
2682,hi5.com
2683,telecomitalia.it
2684,wmtransfer.com
2685,va.gov
2686,sakshi.com
2687,4tube.com
2688,index.hr
2689,haqqin.az
2690,smugmug.com
2691,tamin.ir
2692,gog.com
2693,wikiwand.com
2694,baskino.club
2695,patreon.com
2696,tankionline.com
2697,conduit.com
2698,purdue.edu
2699,myworkday.com
2700,hotchatdate.com
2701,drupal.org
2702,ezinearticles.com
2703,miniinthebox.com
2704,sastasundar.com
2705,cn2che.com
2706,ggpht.com
2707,tchibo.de
2708,onhax.net
2709,xjtour.com
2710,filgoal.com
2711,fotor.com
2712,delicious.com
2713,otzovik.com
2714,venturebeat.com
2715,gizmag.com
2716,labirint.ru
2717,semrush.com
2718,homes.co.jp
2719,adultadworld.com
2720,so.com
2721,bradsdeals.com
2722,thethao247.vn
2723,3sk.tv
2724,keezmovies.com
2725,ing-diba.de
2726,mamaclub.com
2727,todoist.com
2728,searchpile.com
2729,thestorypedia.com
2730,qoo10.jp
2731,playgamestoday.net
2732,nvidia.com
2733,eluniversal.com.mx
2734,sky.it
2735,mawdoo3.com
2736,sendspace.com
2737,akairan.com
2738,theglobeandmail.com
2739,lastampa.it
2740,mplife.com
2741,dyndns.org
2742,jutarnji.hr
2743,saksfifthavenue.com
2744,adreactor.com
2745,amctheatres.com
2746,thesun.co.uk
2747,mensfitness.com
2748,morningstar.com
2749,rg.ru
2750,larousse.fr
2751,jxntv.cn
2752,usajobs.gov
2753,acer.com
2754,wa.gov
2755,filmifullizle.org
2756,sparkpeople.com
2757,eset.com
2758,alwakeelnews.com
2759,r7.com
2760,privalia.com
2761,holiday-weather.com
2762,sina.com.tw
2763,uloz.to
2764,onlinevideoconverter.com
2765,rosegal.com
2766,kapanlagi.com
2767,radaronline.com
2768,panasonic.com
2769,segundamano.mx
2770,kotobank.jp
2771,skyscrapercity.com
2772,bankmandiri.co.id
2773,anz.com
2774,viadeo.com
2775,viralls.com
2776,dizibox.com
2777,todaypk.com
2778,decolar.com
2779,bet365.es
2780,sap.com
2781,asp.net
2782,drugstore.com
2783,rawstory.com
2784,gomusix.com
2785,commonapp.org
2786,voonik.com
2787,licindia.in
2788,kakao.com
2789,reverb.com
2790,moi.gov.sa
2791,arbeitsagentur.de
2792,shopathome.com
2793,dmoz.org
2794,tribune.com.pk
2795,torrentdownloads.me
2796,younow.com
2797,ifixit.com
2798,bamilo.com
2799,jcb.co.jp
2800,lloydsbank.com
2801,dayt.se
2802,90min.com
2803,anybunny.com
2804,livetv.sx
2805,ansa.it
2806,santander.com.br
2807,adorama.com
2808,scol.com.cn
2809,newsru.com
2810,cj.com
2811,ycwb.com
2812,iteye.com
2813,kijiji.it
2814,passportindia.gov.in
2815,jxnews.com.cn
2816,nhaccuatui.com
2817,disneystore.com
2818,mejortorrent.com
2819,ecollege.com
2820,copyscape.com
2821,armorgames.com
2822,freshdesk.com
2823,ifttt.com
2824,hellogiggles.com
2825,mojang.com
2826,mhxg.org
2827,face-masr.com
2828,ccidnet.com
2829,cic.gc.ca
2830,magazineluiza.com.br
2831,mybroadband.co.za
2832,espnfc.com
2833,twitcasting.tv
2834,mercadolibre.com.co
2835,tinkoff.ru
2836,wtoip.com
2837,kolesa.kz
2838,joshinweb.jp
2839,betradar.com
2840,sabay.com.kh
2841,eater.com
2842,fudan.edu.cn
2843,fanduel.com
2844,ea3w.com
2845,soku.com
2846,dramafever.com
2847,goo-net.com
2848,gsgazete.com
2849,diretta.it
2850,ixxx.com
2851,puu.sh
2852,spotlight-media.jp
2853,90tv.ir
2854,ctitv.com.tw
2855,jstv.com
2856,jiji.com
2857,niiz.info
2858,earnshill.com
2859,esporte.uol.com.br
2860,cyberciti.biz
2861,mp4ba.com
2862,zoznam.sk
2863,flightaware.com
2864,harpersbazaar.com
2865,hinet.net
2866,53.com
2867,ku6.com
2868,wenxuecity.com
2869,aaa.com
2870,dealmoon.com
2871,smrtgs.com
2872,sofmap.com
2873,stuff.co.nz
2874,alarab.com
2875,unilad.co.uk
2876,mediamarkt.es
2877,folkd.com
2878,rstyle.me
2879,minecraftforum.net
2880,brtn.cn
2881,centurylink.net
2882,shabdkosh.com
2883,iefimerida.gr
2884,vonvon.me
2885,nyu.edu
2886,hearthpwn.com
2887,bostonglobe.com
2888,fatakat.com
2889,what-character-are-you.com
2890,findagrave.com
2891,seek.com.au
2892,top81.com.cn
2893,bestblackhatforum.com
2894,op.gg
2895,sf-express.com
2896,dhs.gov
2897,taikang.com
2898,paidverts.com
2899,viki.com
2900,babbel.com
2901,readthedocs.org
2902,iloveoldschoolmusic.com
2903,yifysubtitles.com
2904,mightytext.net
2905,elitetorrent.net
2906,retenews24.it
2907,cheapoair.com
2908,freep.com
2909,w3school.com.cn
2910,goodsearch.com
2911,mnrate.com
2912,talktalk.co.uk
2913,kroger.com
2914,a-q-f.com
2915,santabanta.com
2916,oregonlive.com
2917,harborfreight.com
2918,ucoz.com
2919,wisc.edu
2920,lidl.de
2921,syosetu.org
2922,filmaffinity.com
2923,patrika.com
2924,roku.com
2925,pornhublive.com
2926,banglanews24.com
2927,boursorama.com
2928,obdesign.com.tw
2929,porn.porn
2930,starwars.com
2931,theage.com.au
2932,nasdaq.com
2933,feebee.com.tw
2934,zinturax.com
2935,bazos.sk
2936,mehrnews.com
2937,rakuten-sec.co.jp
2938,addmefast.com
2939,storm.mg
2940,google.com.uy
2941,gmail.com
2942,kisscartoon.me
2943,xs8.cn
2944,shareonion.com
2945,netgear.com
2946,govome.com
2947,vodafone.de
2948,andhrajyothy.com
2949,hilltopads.net
2950,mafengwo.cn
2951,adfiver.com
2952,oculus.com
2953,islamweb.net
2954,teacherspayteachers.com
2955,dongtw.com
2956,almaany.com
2957,sureawesomeness.com
2958,vidbull.com
2959,blesk.cz
2960,service.gov.uk
2961,e1.ru
2962,nintendo.co.jp
2963,saturn.de
2964,petsmart.com
2965,wonderhowto.com
2966,streamable.com
2967,kodi.tv
2968,gettyimages.com
2969,iwank.tv
2970,morpakampus.com
2971,einfachporno.com
2972,simpletds.net
2973,joann.com
2974,playbuzz.com
2975,torrentproject.se
2976,ashemaletube.com
2977,elitedaily.com
2978,beritasatu.com
2979,wpengine.com
2980,swedbank.se
2981,akhbarak.net
2982,codeplex.com
2983,all.biz
2984,deseretnews.com
2985,popundertotal.com
2986,tvtropes.org
2987,utexas.edu
2988,countryliving.com
2989,turkishairlines.com
2990,eleconomista.es
2991,51hejia.com
2992,pchome.net
2993,dolartoday.com
2994,list-manage2.com
2995,sciencedaily.com
2996,familysearch.org
2997,optimum.net
2998,gamesfamily.net
2999,iptorrents.com
3000,vic.gov.au
3001,imore.com
3002,vanityfair.com
3003,mydealz.de
3004,yammer.com
3005,pccomponentes.com
3006,onlinedown.net
3007,with2.net
3008,bbcgoodfood.com
3009,bathandbodyworks.com
3010,atlassian.com
3011,fazenda.gov.br
3012,singlessalad.com
3013,ithome.com
3014,bravotube.net
3015,appbank.net
3016,ren.tv
3017,ntv.co.jp
3018,ismedia.jp
3019,sankakucomplex.com
3020,check24.de
3021,statefarm.com
3022,spanishdict.com
3023,origo.hu
3024,mec.gov.br
3025,grabon.in
3026,santandernet.com.br
3027,abnamro.nl
3028,upenn.edu
3029,google.com.sv
3030,tupaki.com
3031,saraiva.com.br
3032,svyaznoy.ru
3033,yiqifa.com
3034,fs.to
3035,yes24.com
3036,sme.sk
3037,knowyourmeme.com
3038,curse.com
3039,huffingtonpost.jp
3040,fbsbx.com
3041,uservoice.com
3042,uatorrent.com
3043,minevault.com
3044,justjared.com
3045,fast-torrent.ru
3046,successfactors.com
3047,angel.co
3048,blogmura.com
3049,vudu.com
3050,yemeksepeti.com
3051,xvideos-field5.com
3052,smarter.com
3053,nab.com.au
3054,anspress.com
3055,adorocinema.com
3056,japannetbank.co.jp
3057,gelocal.it
3058,mypayingads.com
3059,transfermarkt.de
3060,isbank.com.tr
3061,leadzupc.com
3062,encuentra24.com
3063,draugiem.lv
3064,gosuslugi.ru
3065,prizegrab.com
3066,dostorrents.com
3067,cas.sk
3068,omgpm.com
3069,aif.ru
3070,nowtv.de
3071,scottrade.com
3072,fanpop.com
3073,tinydeal.com
3074,jobandtalent.com
3075,appgame.com
3076,beva.com
3077,camfrog.com
3078,invisionapp.com
3079,gfan.com
3080,5usport.com
3081,indiaresults.com
3082,yohoboys.com
3083,mudah.my
3084,alabout.com
3085,witchcraftcash.com
3086,dsw.com
3087,nowvideo.li
3088,newsit.gr
3089,jetstar.com
3090,sky.de
3091,zhanqi.tv
3092,justanswer.com
3093,ixbt.com
3094,stoloto.ru
3095,toastedballs.com
3096,fixya.com
3097,subscribe.ru
3098,resultados-futbol.com
3099,intellicast.com
3100,gayboystube.com
3101,revenuehits.com
3102,chewen.com
3103,nearbuy.com
3104,military38.com
3105,jofogas.hu
3106,wikispaces.com
3107,torrentfunk.com
3108,mapy.cz
3109,githubusercontent.com
3110,91jm.com
3111,secondlife.com
3112,trend.az
3113,gigacircle.com
3114,mydocomo.com
3115,udacity.com
3116,myhabit.com
3117,planetminecraft.com
3118,stardoll.com
3119,umn.edu
3120,lowyat.net
3121,anandtech.com
3122,jkforum.net
3123,moneyforward.com
3124,instantcheckmate.com
3125,scout.com
3126,eltiempo.es
3127,commonhealth.com.tw
3128,tikona.in
3129,baiducdn.biz
3130,login.tmall.com
3131,google.com.bh
3132,channel4.com
3133,royalmail.com
3134,listindiario.com
3135,babyblog.ru
3136,xero.com
3137,duden.de
3138,telecinco.es
3139,wikimapia.org
3140,therichest.com
3141,nwolb.com
3142,99114.com
3143,shinobi.jp
3144,lolking.net
3145,shein.com
3146,abola.pt
3147,banesconline.com
3148,prnewswire.com
3149,solidfiles.com
3150,navitime.co.jp
3151,express.com.pk
3152,dreevee.com
3153,static1.squarespace.com
3154,4cdn.org
3155,redichat.com
3156,videoyoum7.com
3157,jd.hk
3158,lofter.com
3159,discovery.com
3160,binzhi.com
3161,giallozafferano.it
3162,biglike.com
3163,ekstrabladet.dk
3164,saudiairlines.com
3165,pikore.com
3166,freeones.com
3167,ally.com
3168,livescience.com
3169,history.com
3170,yohogirls.com
3171,ideacellular.com
3172,promopro.com
3173,mangocity.com
3174,tasify.com
3175,isohunt.to
3176,olx.com.pk
3177,alibaba-inc.com
3178,fastcompany.com
3179,olx.pt
3180,mirrorcreator.com
3181,watchepisodes.com
3182,zoominfo.com
3183,alc.co.jp
3184,anysex.com
3185,omniboxes.com
3186,stamplive.com
3187,name.com
3188,mapion.co.jp
3189,foundationapi.com
3190,hirufm.lk
3191,al.com
3192,gamesradar.com
3193,theknot.com
3194,dinamalar.com
3195,mk.ru
3196,soft98.ir
3197,ipsosinteractive.com
3198,my.com
3199,83suncity.com
3200,oneplus.net
3201,vidyomani.tv
3202,iqoption.com
3203,ehanex.com
3204,dxlive.com
3205,cnhubei.com
3206,indiapost.gov.in
3207,chowhound.com
3208,creditonebank.com
3209,exist.ru
3210,hmv.co.jp
3211,hola.com
3212,yourbittorrent.com
3213,actcorp.in
3214,buyvip.com
3215,mabanque.bnpparibas
3216,thingiverse.com
3217,visualstudio.com
3218,farpost.ru
3219,djsrp.com
3220,lajmi.net
3221,tomshardware.co.uk
3222,ntv.ru
3223,enstage.com
3224,khabarfarsi.com
3225,littlebux.com
3226,tiphero.com
3227,fujitv.co.jp
3228,flagrasamadores.net
3229,dailycaller.com
3230,couchsurfing.com
3231,78.cn
3232,payumoney.com
3233,petfinder.com
3234,google.com.kh
3235,ardmediathek.de
3236,finalfantasyxiv.com
3237,holidaycheck.de
3238,mundo.com
3239,jstor.org
3240,russianpost.ru
3241,cowboom.com
3242,tripadvisor.fr
3243,etonline.com
3244,geforce.com
3245,fullhdfilmizle.org
3246,hammihan.com
3247,diamond.jp
3248,khamsat.com
3249,epson.jp
3250,megashare.sc
3251,aruba.it
3252,pordede.com
3253,123kubo.com
3254,ehowenespanol.com
3255,easports.com
3256,cooltest.me
3257,dose.com
3258,rentalcars.com
3259,91mobiles.com
3260,seattletimes.com
3261,zaycev.net
3262,mosaiquefm.net
3263,enjoydressup.com
3264,hln.be
3265,80018.cn
3266,ratemyprofessors.com
3267,forexpf.ru
3268,infowars.com
3269,rp5.ru
3270,sportbox.ru
3271,bellemaison.jp
3272,colourpop.com
3273,vipgouyouhui.com
3274,soy502.com
3275,dr.dk
3276,fzg360.com
3277,slashfilm.com
3278,entekhab.ir
3279,sport-fm.gr
3280,payscale.com
3281,macworld.com
3282,dailysnark.com
3283,philly.com
3284,mapsofindia.com
3285,seriesflv.net
3286,linkshrink.net
3287,newlook.com
3288,sc.com
3289,getchu.com
3290,alternativeto.net
3291,intesasanpaolo.com
3292,mycar168.com
3293,netbk.co.jp
3294,blick.ch
3295,inps.it
3296,emuparadise.me
3297,bigccq.cn
3298,cs.com.cn
3299,punchng.com
3300,starbucksforlife.com
3301,ultipro.com
3302,toutiao.com
3303,rueducommerce.fr
3304,123greetings.com
3305,sssc.cn
3306,francetvinfo.fr
3307,bobaedream.co.kr
3308,asiae.co.kr
3309,jawharafm.net
3310,agame.com
3311,honto.jp
3312,wufoo.com
3313,etnet.com.hk
3314,10010.com
3315,autoscout24.it
3316,ligtv.com.tr
3317,boingboing.net
3318,smbc.co.jp
3319,allkpop.com
3320,zakzak.co.jp
3321,utarget.ru
3322,exploader.net
3323,tokyo-porn-tube.com
3324,mlive.com
3325,viidii.info
3326,chengdu.cn
3327,yonhapnews.co.kr
3328,tradeindia.com
3329,datafile.com
3330,sparknotes.com
3331,sainsburys.co.uk
3332,elasticbeanstalk.com
3333,shopyourway.com
3334,loteriasyapuestas.es
3335,huihui.cn
3336,un.org
3337,infospace.com
3338,homes.com
3339,forumfree.it
3340,fanpage.it
3341,msdn.com
3342,cafepress.com
3343,ponta.jp
3344,kurir.rs
3345,bluestacks.com
3346,nissen.co.jp
3347,canalblog.com
3348,xpg.uol.com.br
3349,hepsibahis210.com
3350,dnsrsearch.com
3351,alaskaair.com
3352,leadpages.co
3353,draftkings.com
3354,nintendo.com
3355,92lux.cn
3356,modcloth.com
3357,bankia.es
3358,mpnrs.com
3359,someecards.com
3360,pravda.com.ua
3361,ex-news.net
3362,vidio.com
3363,infojobs.net
3364,strawberrynet.com
3365,rvttrack.com
3366,hbogo.com
3367,wankr.com.cn
3368,net-a-porter.com
3369,yinhang.com
3370,korrespondent.net
3371,vatanbilgisayar.com
3372,gopro.com
3373,noticias.uol.com.br
3374,luur.info
3375,tripod.com
3376,sape.ru
3377,sport.pl
3378,dkb.de
3379,tenforums.com
3380,adobelogin.com
3381,reduxmediia.com
3382,creativebloq.com
3383,zimbra.free.fr
3384,mmmoffice.com
3385,cuny.edu
3386,bollywoodlife.com
3387,lifescript.com
3388,androidpit.com
3389,auone.jp
3390,tzarmedia.com
3391,internet-positif.org
3392,watchcartoononline.com
3393,yoursearching.com
3394,eporner.com
3395,directadvert.ru
3396,sport24.gr
3397,screencast.com
3398,aeon.co.jp
3399,google.com.mm
3400,oxforddictionaries.com
3401,porndig.com
3402,ptt01.cc
3403,spiceworks.com
3404,metafilter.com
3405,baidu.ge
3406,dy2018.com
3407,176.com
3408,hyperpromote.com
3409,panoramio.com
3410,superjob.ru
3411,leroymerlin.fr
3412,shop.com
3413,funnyjunk.com
3414,shitaraba.net
3415,worldfree4u.me
3416,deadline.com
3417,dospara.co.jp
3418,boredomtherapy.com
3419,sportmaster.ru
3420,rankingsandreviews.com
3421,duomai.com
3422,standardbank.co.za
3423,bobfilm.net
3424,koreastardaily.com
3425,tripadvisor.com.br
3426,footlocker.com
3427,elsalvador.com
3428,dotabuff.com
3429,vov.vn
3430,shopbop.com
3431,downloadha.com
3432,autotimes.com.cn
3433,laprensagrafica.com
3434,ecuavisa.com
3435,sarayanews.com
3436,mobtada.com
3437,sammobile.com
3438,mql5.com
3439,skincareimprove.com
3440,popupads.ir
3441,pcauto.com.cn
3442,looper.com
3443,campograndenews.com.br
3444,meinestadt.de
3445,bfmtv.com
3446,couchtuner.city
3447,aicheren.com
3448,fragrantica.com
3449,toyota.jp
3450,bigbasket.com
3451,bigmir.net
3452,tinyurl.com
3453,shihuo.cn
3454,manager.co.th
3455,clickfunnels.com
3456,viator.com
3457,olx.co.za
3458,mk.co.kr
3459,pandora.tv
3460,aranzulla.it
3461,menards.com
3462,thomsonreuters.com
3463,jang.com.pk
3464,baomoi.com
3465,addictinggames.com
3466,freshbooks.com
3467,google.com.af
3468,mybigcommerce.com
3469,movistar.es
3470,ucdavis.edu
3471,starpulse.com
3472,research-panel.jp
3473,alphacoders.com
3474,travelzoo.com
3475,tv2.no
3476,gunbroker.com
3477,pckeeper.com
3478,day.az
3479,aufeminin.com
3480,gq.com
3481,gamerch.com
3482,aplus.com
3483,sinoptik.ua
3484,uploadable.ch
3485,banvenez.com
3486,dbs.com.sg
3487,bidvertiser.com
3488,cookinglight.com
3489,ameli.fr
3490,game8.jp
3491,hudong.com
3492,obsur.com
3493,timetobreak.com
3494,nuomi.com
3495,bonanza.com
3496,openoffice.org
3497,kissmanga.com
3498,uast.ac.ir
3499,265.com
3500,raspberrypi.org
3501,campaign-archive1.com
3502,foodandwine.com
3503,blastingnews.com
3504,grubhub.com
3505,smartprix.com
3506,pcpartpicker.com
3507,bankcomm.com
3508,gao7.com
3509,philips.com
3510,toshiba.com
3511,iconfinder.com
3512,simplyhired.com
3513,walkerplus.com
3514,ebay.ie
3515,7k7k.com
3516,jandan.net
3517,javpop.com
3518,miercn.com
3519,3dnews.ru
3520,zhifang.com
3521,mymovies.it
3522,esy.es
3523,hosyusokuhou.jp
3524,anandabazar.com
3525,divyabhaskar.co.in
3526,safepcrepair.com
3527,geektimes.ru
3528,abv.bg
3529,kugou.com
3530,natalie.mu
3531,teacup.com
3532,mensxp.com
3533,maplestage.com
3534,adweek.com
3535,mthai.com
3536,chegg.com
3537,bzw315.com
3538,honda.com
3539,2670.com
3540,woman.ru
3541,yunfile.com
3542,shiftdelete.net
3543,grepolis.com
3544,google.com.qa
3545,tpsl-india.in
3546,censor.net.ua
3547,centrum24.pl
3548,oanda.com
3549,crateandbarrel.com
3550,consultant.ru
3551,wlp-acs.com
3552,tamilrockers.com
3553,jorudan.co.jp
3554,incometaxindiaefiling.gov.in
3555,sevenforums.com
3556,tvnet.lv
3557,warning.or.kr
3558,avxhome.se
3559,torrentfreak.com
3560,symantec.com
3561,lufthansa.com
3562,dopr.net
3563,vi-view.com
3564,calottery.com
3565,hochi.co.jp
3566,18183.com
3567,koovs.com
3568,arcor.de
3569,canon.com
3570,phimmoi.net
3571,aetna.com
3572,edmodo.com
3573,yourstory.com
3574,easysuperdownload-2.com
3575,imagevenue.com
3576,kariyer.net
3577,phununet.com
3578,underarmour.com
3579,ria.com
3580,10jqka.com.cn
3581,wikibooks.org
3582,kommersant.ru
3583,academic.ru
3584,lordpopup.com
3585,whatismyipaddress.com
3586,khan.co.kr
3587,washingtontimes.com
3588,immowelt.de
3589,levi.com
3590,tripadvisor.de
3591,xl.pt
3592,multitran.ru
3593,new-rutor.org
3594,absa.co.za
3595,upjers.com
3596,b92.net
3597,oi.com.br
3598,jreast.co.jp
3599,espnfc.us
3600,google.com.np
3601,oriflame.com
3602,staseraintv.com
3603,nick.com
3604,dailystar.co.uk
3605,acttv.in
3606,haber3.com
3607,linio.com.mx
3608,atmarkit.co.jp
3609,alza.cz
3610,tune.pk
3611,ebscohost.com
3612,vogue.com
3613,internetspeedtracker.com
3614,xdf.cn
3615,acesso.uol.com.br
3616,brother.com
3617,mbtrx.com
3618,citizensbankonline.com
3619,gpoint.co.jp
3620,usc.edu
3621,cnnturk.com
3622,el7l.co
3623,hani.co.kr
3624,in.com
3625,easysuperdownload-1.com
3626,cri.cn
3627,tvline.com
3628,pier1.com
3629,amtrak.com
3630,cncn.org.cn
3631,telstra.com.au
3632,standardchartered.co.in
3633,businessinsider.in
3634,aktualne.cz
3635,safeway.com
3636,nespresso.com
3637,honda.co.jp
3638,desirulez.me
3639,jawabkom.com
3640,olx.com.eg
3641,alodokter.com
3642,filmfanatic.com
3643,obozrevatel.com
3644,tandfonline.com
3645,gahe.com
3646,wapka.mobi
3647,swtor.com
3648,chinaunix.net
3649,wimp.com
3650,speakingtree.in
3651,fararu.com
3652,tvspielfilm.de
3653,nyc.gov
3654,ad.nl
3655,searchengines.guru
3656,rae.es
3657,carmax.com
3658,fark.com
3659,povarenok.ru
3660,pixhost.org
3661,dikaiologitika.gr
3662,oursurfing.com
3663,facilisimo.com
3664,blkget5.com
3665,seneweb.com
3666,fssnet.co.in
3667,songspk.link
3668,direct.gov.uk
3669,tureng.com
3670,nextdirect.com
3671,dardarkom.com
3672,ooopic.com
3673,pearsoncmg.com
3674,itpodol.ru
3675,qip.ru
3676,5giay.vn
3677,nex1music.ir
3678,jamnews.ir
3679,expatriates.com
3680,clicrbs.com.br
3681,diy.com
3682,wolframalpha.com
3683,perfectmoney.is
3684,niksalehi.com
3685,ets.org
3686,sbi.co.in
3687,alaraby.co.uk
3688,usda.gov
3689,delta-homes.com
3690,olx.ph
3691,technopoint.ru
3692,hatenablog.jp
3693,dpstream.net
3694,jamieoliver.com
3695,artron.net
3696,autozone.com
3697,ebayimg.com
3698,elance.com
3699,ontests.me
3700,citruspay.com
3701,ragestream.com
3702,ouest-france.fr
3703,yunpan.cn
3704,westelm.com
3705,egypttoday.co.uk
3706,swiki.jp
3707,nttxstore.jp
3708,tripadvisor.es
3709,lifehacker.jp
3710,sasontnwc.net
3711,tickld.com
3712,cuevana2.tv
3713,filmix.net
3714,hapitas.jp
3715,fantasti.cc
3716,gismeteo.ua
3717,governmentjobs.com
3718,ebaumsworld.com
3719,gazzetta.gr
3720,piliapp.com
3721,vitacost.com
3722,leadpages.net
3723,campaign-archive2.com
3724,usenet.nl
3725,b2social.cn
3726,starsports.com
3727,mxtoolbox.com
3728,elbotola.com
3729,ya.ru
3730,daraz.pk
3731,mathworks.com
3732,anonym.to
3733,abebooks.com
3734,couponfollow.com
3735,navient.com
3736,htc.com
3737,ntvspor.net
3738,isimtescil.net
3739,playground.ru
3740,niusnews.com
3741,djjohal.net
3742,girlsgogames.com
3743,hbr.org
3744,vtb24.ru
3745,9to5mac.com
3746,quizzzat.net
3747,colorstv.com
3748,startnewtab.com
3749,pornxs.com
3750,opencart.com
3751,jobsdb.com
3752,mastercard.com.au
3753,google.com.ly
3754,topky.sk
3755,siteground.com
3756,hnjy.com.cn
3757,local.com
3758,eventim.de
3759,buyma.com
3760,boulanger.com
3761,sportskeeda.com
3762,guokr.com
3763,pons.com
3764,zoom.com.br
3765,1stbrowser.com
3766,ss.lv
3767,worldoftanks.eu
3768,nps.gov
3769,t-nation.com
3770,aktuality.sk
3771,express.com
3772,linguee.fr
3773,useclix.com
3774,opera.com
3775,wetter.de
3776,sportsauthority.com
3777,d1ev.com
3778,comdirect.de
3779,totaljerkface.com
3780,tubegalore.com
3781,nameguess.com
3782,buhidoh.net
3783,1000mg.jp
3784,myfonts.com
3785,864321.com
3786,soha.vn
3787,asg.to
3788,pubted.com
3789,monsterindia.com
3790,aol.co.uk
3791,kaiwind.com
3792,klm.com
3793,getintopc.com
3794,buffalo.jp
3795,illinois.edu
3796,ml.com
3797,ch.com
3798,17zwd.com
3799,linksynergy.com
3800,coinbase.com
3801,tro-ma-ktiko.blogspot.gr
3802,rikunabi.com
3803,nga.cn
3804,idbibank.co.in
3805,gamy.jp
3806,firstcry.com
3807,vietnamnet.vn
3808,netvibes.com
3809,worldcat.org
3810,pop-music.ir
3811,zemtv.com
3812,dallasnews.com
3813,teamtreehouse.com
3814,travelchannel.com
3815,lepoint.fr
3816,uidai.gov.in
3817,heavy-r.com
3818,resellerclub.com
3819,khabarpu.com
3820,xhamstercams.com
3821,archive.is
3822,bakusai.com
3823,njuskalo.hr
3824,dafiti.com.br
3825,houseoffraser.co.uk
3826,regnum.ru
3827,pandora.net
3828,mh-x.com
3829,lilplay.com
3830,hoolo.tv
3831,samar-yousif.com
3832,moviefone.com
3833,e-estekhdam.com
3834,realitykings.com
3835,c1datings.com
3836,01ny.cn
3837,bungie.net
3838,canalrcn.com
3839,about.me
3840,kanoon.ir
3841,progressive.com
3842,angularjs.org
3843,wapwon.com
3844,motorola.com
3845,hikaritv.net
3846,20min.ch
3847,memurlar.net
3848,delfi.lv
3849,govdelivery.com
3850,ems.com.cn
3851,estadao.com.br
3852,dntrax.com
3853,yeucahat.com
3854,ngs.ru
3855,51seer.com
3856,news247.gr
3857,msi.com
3858,comdotgame.com
3859,pornerbros.com
3860,xiamp4.com
3861,121ware.com
3862,lagou.com
3863,lazada.vn
3864,javmoo.xyz
3865,delta-search.com
3866,filmon.com
3867,rzd.ru
3868,webhostingtalk.com
3869,main.jp
3870,triviatoday.com
3871,diaforetiko.gr
3872,eldiario.es
3873,girlschannel.net
3874,moddb.com
3875,stream.cz
3876,unblocked.li
3877,24home.com
3878,prestashop.com
3879,email.cz
3880,icy-veins.com
3881,localmoxie.com
3882,independent.ie
3883,idol-blog.com
3884,laughy.jp
3885,ucweb.com
3886,a9vg.com
3887,gmx.at
3888,tvrain.ru
3889,tatami-solutions.com
3890,prevention.com
3891,mafa.com
3892,royalgames.com
3893,soufun.com
3894,ultrafarma.com.br
3895,adfa.co
3896,xossip.com
3897,google.com.py
3898,bookingbuddy.com
3899,gosunoob.com
3900,level3.com
3901,parenting.com.tw
3902,zalando.it
3903,adschemist.com
3904,locanto.in
3905,easyhits4u.com
3906,bancoestado.cl
3907,nos.nl
3908,ighome.com
3909,bazos.cz
3910,dnb.no
3911,epfoservices.in
3912,xataka.com
3913,ocnk.net
3914,vodafone.it
3915,yxdown.com
3916,bancomer.com
3917,zanox.com
3918,shoptime.com.br
3919,dailydot.com
3920,newgrounds.com
3921,price.com.hk
3922,alriyadh.com
3923,filmsenzalimiti.co
3924,webgozar.com
3925,blogspot.pe
3926,bigrock.in
3927,noonpresse.com
3928,koha.net
3929,livemint.com
3930,bancomercantil.com
3931,yubin-nenga.jp
3932,ole.com.ar
3933,15min.lt
3934,finanzen.net
3935,yixun.com
3936,vipsister23.com
3937,xitek.com
3938,epson.com
3939,adfa.cc
3940,netkeiba.com
3941,mercusuar.info
3942,euronews.com
3943,lomadee.com
3944,fasttech.com
3945,dv37.com
3946,guancha.cn
3947,createspace.com
3948,pr-cy.ru
3949,full-stream.org
3950,nsw.gov.au
3951,mixcloud.com
3952,sparda.de
3953,techtimes.com
3954,girlsaskguys.com
3955,miomio.tv
3956,tubeplus.is
3957,petco.com
3958,king.com
3959,dillards.com
3960,godviral.com
3961,indiewire.com
3962,jeevansathi.com
3963,readms.com
3964,expansion.com
3965,iha.com.tr
3966,mmgp.ru
3967,myuhc.com
3968,3dwwwgame.com
3969,mitbbs.com
3970,eyoonn.com
3971,mindbodygreen.com
3972,mover.uz
3973,classmates.com
3974,hankyung.com
3975,cybersource.com
3976,reviewjournal.com
3977,daserste.de
3978,artww.com
3979,010com.cn
3980,bbvanet.com.mx
3981,gogoanime.tv
3982,fineco.it
3983,very.co.uk
3984,hrloo.com
3985,viralmundo.nl
3986,11185.cn
3987,state.pa.us
3988,tonarinoyj.jp
3989,usembassy.gov
3990,worldmarket.com
3991,traveloka.com
3992,dawnnews.tv
3993,eurosport.fr
3994,schoology.com
3995,zamzar.com
3996,commonfloor.com
3997,quotev.com
3998,nest.com
3999,vidtomp3.com
4000,52pk.com
4001,muji.net
4002,pc6.com
4003,libertaddigital.com
4004,djpunjab.video
4005,italia-film.co
4006,mmotraffic.com
4007,mysurvey.com
4008,news-choice.net
4009,glaz.tv
4010,cmu.edu
4011,freevideo.cz
4012,arduino.cc
4013,ahram.org.eg
4014,tv-asahi.co.jp
4015,tvb.com
4016,booloo.com
4017,tympanus.net
4018,who.int
4019,mouthshut.com
4020,in.gr
4021,csair.com
4022,jkanime.net
4023,iiyi.com
4024,sekindo.com
4025,npmjs.com
4026,nzherald.co.nz
4027,hkgolden.com
4028,tomtom.com
4029,minijuegos.com
4030,tintt.net
4031,startv.com.tr
4032,mp3lio.co
4033,aa.com.tr
4034,mt.co.kr
4035,dasoertliche.de
4036,anetwork.ir
4037,infibeam.com
4038,mobile.ir
4039,chuandong.com
4040,comicbookresources.com
4041,yimg.com
4042,gsshop.com
4043,woorank.com
4044,balkanweb.com
4045,gottabemobile.com
4046,d1net.com
4047,awesomeinventions.com
4048,lan.com
4049,marinetraffic.com
4050,ucsd.edu
4051,myntra.com
4052,echoroukonline.com
4053,opendns.com
4054,dygang.com
4055,carters.com
4056,surveygizmo.com
4057,aili.com
4058,onlinemultfilmy.ru
4059,questionablecontent.net
4060,bollywoodbubble.com
4061,bluewin.ch
4062,olleh.com
4063,lolnexus.com
4064,bulbagarden.net
4065,amazon.com.br
4066,osxdaily.com
4067,yy.com
4068,avenues.info
4069,miralinks.ru
4070,zdbb.net
4071,wizzair.com
4072,cathaypacific.com
4073,banamex.com.mx
4074,yalla-shoot.com
4075,gendama.jp
4076,financial-net.com
4077,desjardins.com
4078,204.12.226.68
4079,irna.ir
4080,laptopmag.com
4081,360kan.com
4082,nationalreview.com
4083,qilook.com
4084,senejet.net
4085,aramex.com
4086,maalaimalar.com
4087,washwasha.org
4088,pagalworld.com
4089,google.lu
4090,lovoo.com
4091,qyer.com
4092,guitarcenter.com
4093,smartinf.ru
4094,womenshealthmag.com
4095,webmotors.com.br
4096,verycd.com
4097,mgm.gov.tr
4098,askfrank.net
4099,sat.gob.mx
4100,hangame.co.jp
4101,pulse.ng
4102,eastbay.com
4103,ixl.com
4104,dmkt-sp.jp
4105,mathrubhumi.com
4106,thestar.com
4107,tobest2.net
4108,mediatakeout.com
4109,lastminute.com
4110,yale.edu
4111,recruit.co.jp
4112,babyschool.com.cn
4113,incruit.com
4114,999120.net
4115,basspro.com
4116,freecodecheck.com
4117,zaobao.com
4118,wn.com
4119,google.com.ni
4120,solvusoft.com
4121,medu.ir
4122,aol.de
4123,craftsvilla.com
4124,jvzoo.com
4125,gongkong.com
4126,tuoitre.vn
4127,icicidirect.com
4128,bookdepository.com
4129,mercadolibre.com
4130,olx.uz
4131,1001fonts.com
4132,vietcombank.com.vn
4133,societe.com
4134,smashingmagazine.com
4135,confirmit.com
4136,95599.cn
4137,dbw.cn
4138,ar15.com
4139,shoplocal.com
4140,team-bhp.com
4141,ogone.com
4142,giantbomb.com
4143,limeroad.com
4144,buxvertise.com
4145,domain.com.au
4146,pornsharing.com
4147,reed.co.uk
4148,startpage.com
4149,vista.ir
4150,myvidster.com
4151,huntington.com
4152,macworld.co.uk
4153,cloudapp.net
4154,24sata.hr
4155,computerhope.com
4156,on.cc
4157,kwejk.pl
4158,fdj.fr
4159,care2.com
4160,vod.pl
4161,playboy.com
4162,runnersworld.com
4163,750g.com
4164,jobvite.com
4165,ctvnews.ca
4166,thewindowsclub.com
4167,idntimes.com
4168,worldbank.org
4169,shindanmaker.com
4170,izlesene.com
4171,brobible.com
4172,wpmudev.org
4173,forumcommunity.net
4174,bsnl.co.in
4175,adxcore.com
4176,stripe.com
4177,linode.com
4178,neteller.com
4179,elperiodico.com
4180,ilyke.com
4181,cyzone.cn
4182,lifehacker.ru
4183,coub.com
4184,qafqazinfo.az
4185,9ku.com
4186,bitsnoop.com
4187,bankbazaar.com
4188,downloadastro.com
4189,limetorrents.cc
4190,tohotheater.jp
4191,apartments.com
4192,paper.li
4193,fmworld.net
4194,bonappetit.com
4195,imgbox.com
4196,cosme.net
4197,jooble.org
4198,nk.pl
4199,explosm.net
4200,bd24live.com
4201,chinanews.com
4202,alwatanvoice.com
4203,trendyol.com
4204,gucheng.com
4205,euro.com.pl
4206,vikatan.com
4207,bollywoodhungama.com
4208,midwayusa.com
4209,hobbyking.com
4210,demotywatory.pl
4211,dilbert.com
4212,pirateproxy.pl
4213,accountonline.com
4214,pengpeng.com
4215,dirty.ru
4216,3djuegos.com
4217,newsbomb.gr
4218,pronews.gr
4219,pcdiy.com.tw
4220,clubpenguin.com
4221,scholastic.com
4222,everbuying.net
4223,macrojuegos.com
4224,coolenjoy.net
4225,eddiebauer.com
4226,click.in
4227,vmall.com
4228,musiciansfriend.com
4229,conrad.de
4230,infolinks.com
4231,akakce.com
4232,imooc.com
4233,tsn.ca
4234,omiga-plus.com
4235,yinyuetai.com
4236,sdo.com
4237,zeetv.com
4238,realtor.ca
4239,home.pl
4240,minecraftskins.com
4241,tripadvisor.jp
4242,burst.co
4243,tatadocomo.com
4244,virustotal.com
4245,wallpaperswide.com
4246,garaanews.com
4247,bonprix.de
4248,fetishshrine.com
4249,notebookcheck.net
4250,hottopic.com
4251,thewirecutter.com
4252,furaffinity.net
4253,travelandleisure.com
4254,fotocasa.es
4255,lesnumeriques.com
4256,dji.com
4257,ninemsn.com.au
4258,svt.se
4259,perfil.com
4260,freefango.com
4261,rus.ec
4262,ca168.com
4263,wondershare.com
4264,afisha.ru
4265,animenewsnetwork.com
4266,groupon.it
4267,beatport.com
4268,good.is
4269,kabum.com.br
4270,zapmeta.com
4271,promocodeclub.com
4272,nexon.com
4273,sbup.com
4274,lenovo.com.cn
4275,jiayuan.com
4276,c-and-a.com
4277,linguee.de
4278,yapikredi.com.tr
4279,yandex.net
4280,bmail.uol.com.br
4281,gnula.nu
4282,uwants.com
4283,iconarchive.com
4284,moviepilot.de
4285,cyberforum.ru
4286,huffingtonpost.es
4287,costco.ca
4288,pep.com.cn
4289,jiwu.com
4290,winbank.gr
4291,glwiz.com
4292,hometalk.com
4293,bozhong.com
4294,2nn.jp
4295,getlinksinaseconds.com
4296,compare99.com
4297,funmix.eu
4298,mycokerewards.com
4299,rosewholesale.com
4300,inoreader.com
4301,pcbeta.com
4302,gogoanime.io
4303,haiwainet.cn
4304,telerik.com
4305,redhat.com
4306,mr-guangdong.com
4307,gry.pl
4308,baby.ru
4309,umeng.com
4310,opposingviews.com
4311,zoomit.ir
4312,juooo.com
4313,bt2mag.com
4314,djjohal.com
4315,nairabet.com
4316,freefamed.com
4317,blog.hu
4318,androidpolice.com
4319,wizards.com
4320,naughtyamerica.com
4321,msn.com.cn
4322,vivanuncios.com.mx
4323,youngcons.com
4324,onlinelic.in
4325,muzofon.com
4326,rojadirecta.me
4327,brand.tmall.com
4328,persiangig.com
4329,vip.tmall.com
4330,ojooo.com
4331,rt.ru
4332,accenture.com
4333,mr-jatt.com
4334,appannie.com
4335,worldpay.com
4336,kafan.cn
4337,99designs.com
4338,bankersadda.com
4339,lxwxw.com
4340,hltv.org
4341,16888.com
4342,myheritage.com
4343,bseindia.com
4344,cutv.com
4345,thinkprogress.org
4346,tower.im
4347,cyanogenmod.org
4348,rcom.co.in
4349,teslamotors.com
4350,waphan.com
4351,nta.go.jp
4352,akiba-online.com
4353,hobbylobby.com
4354,bva-auctions.com
4355,dealsplus.com
4356,sport-express.ru
4357,webgains.com
4358,mci.ir
4359,trafficshop.com
4360,namethatporn.com
4361,joemonster.org
4362,zhe800.com
4363,iporter.com
4364,bizimyol.info
4365,chinanetrank.com
4366,msu.edu
4367,katestube.com
4368,k2s.cc
4369,cint.com
4370,ntvbd.com
4371,canadiantire.ca
4372,wanyx.com
4373,ajc.com
4374,monova.org
4375,cont.ws
4376,ee.co.uk
4377,freefarad.com
4378,seagate.com
4379,conforama.fr
4380,tower.jp
4381,n159adserv.com
4382,runetki.com
4383,koocoupon.com
4384,morningpost.com.cn
4385,ovh.com
4386,youmaker.com
4387,spirit.com
4388,top10binaryoption.net
4389,wikiquote.org
4390,top-channel.tv
4391,alpha.gr
4392,webrazzi.com
4393,raiffeisen.at
4394,whirlpool.net.au
4395,xiaoshuomm.com
4396,cimbclicks.com.my
4397,dek-d.com
4398,bibliocommons.com
4399,hrblock.com
4400,sbs.co.kr
4401,hollisterco.com
4402,36kr.com
4403,kuaidi100.com
4404,flippa.com
4405,azcentral.com
4406,paipai.com
4407,brazzersnetwork.com
4408,startribune.com
4409,tvmuse.com
4410,medyahaber.com
4411,arsenal.com
4412,ufl.edu
4413,asianews2ch.jp
4414,joyclub.de
4415,scarlet-clicks.info
4416,go108.com.cn
4417,yiwugou.com
4418,cheaa.com
4419,searchenginewatch.com
4420,rich-traveler.com
4421,producthunt.com
4422,jetairways.com
4423,guns.ru
4424,jd.ru
4425,oddshot.tv
4426,nicoseiga.jp
4427,pcstore.com.tw
4428,f-picture.net
4429,woothemes.com
4430,loft.com
4431,sarizeybekhaber.com.tr
4432,mediaworld.it
4433,eventful.com
4434,techspot.com
4435,dm5.com
4436,carrefour.fr
4437,monex.co.jp
4438,topshop.com
4439,univision.com
4440,ratewrite.tmall.com
4441,iyaxin.com
4442,santanderrio.com.ar
4443,toyota.com
4444,tutu.ru
4445,nalog.ru
4446,break.com
4447,sarzamindownload.com
4448,antpedia.com
4449,financialexpress.com
4450,elespectador.com
4451,videohive.net
4452,apa.az
4453,juno.com
4454,aeriagames.com
4455,gdeposylka.ru
4456,thairath.co.th
4457,torrenty.org
4458,motherjones.com
4459,gamestar.de
4460,99wed.com
4461,npo.nl
4462,authorize.net
4463,liepin.com
4464,bookzz.org
4465,dtiblog.com
4466,paginegialle.it
4467,feedburner.com
4468,atds.me
4469,goud.ma
4470,huffingtonpost.ca
4471,freemail.hu
4472,ttmeiju.com
4473,anime-sharing.com
4474,ctfile.com
4475,sidecubes.com
4476,booksky.org
4477,bancosantander.es
4478,radiotimes.com
4479,sporcle.com
4480,seloger.com
4481,svtplay.se
4482,chsi.com.cn
4483,i1515.com
4484,neopets.com
4485,orico.co.jp
4486,persiantools.com
4487,hdblog.it
4488,vatgia.com
4489,znds.com
4490,tsb.co.uk
4491,jagranjosh.com
4492,redflagdeals.com
4493,discas.net
4494,eslamoda.com
4495,westernunion.com
4496,piraeuspress.gr
4497,britannica.com
4498,i-gamer.net
4499,aproductmsg.com
4500,auspost.com.au
4501,onlinebank.com
4502,afip.gob.ar
4503,food52.com
4504,gosugamers.net
4505,sblo.jp
4506,miltt.com
4507,groupon.co.uk
4508,th3professional.com
4509,toluna.com
4510,akinator.com
4511,immobiliare.it
4512,ox.ac.uk
4513,saraba1st.com
4514,mako.co.il
4515,greatist.com
4516,e-shop.gr
4517,anyporn.com
4518,voluumtrk.com
4519,mangastream.com
4520,inbox.lv
4521,mmo-champion.com
4522,mylot.com
4523,dion.ne.jp
4524,wenkang.cn
4525,wikidot.com
4526,ilgiornale.it
4527,ad-link.jp
4528,freshersworld.com
4529,tusfiles.net
4530,tudogostoso.com.br
4531,xxxtubedot.com
4532,antenam.info
4533,kshowonline.com
4534,tre.it
4535,gxsky.com
4536,myplaycity.com
4537,payback.de
4538,planetsuzy.org
4539,actblue.com
4540,cyberlink.com
4541,seedit.com
4542,sggc.com.cn
4543,meteo.gr
4544,ligatus.com
4545,interfax.ru
4546,pelispedia.tv
4547,shmoop.com
4548,zalando.fr
4549,imageshack.us
4550,agenziaentrate.gov.it
4551,plsdrct2.me
4552,docusign.com
4553,outlook.com
4554,dqx.jp
4555,hidemyass.com
4556,depositfiles.com
4557,tv-tokyo.co.jp
4558,altadefinizione.online
4559,runescape.com
4560,sunmaker.com
4561,dominos.co.in
4562,stuccu.com
4563,pmang.jp
4564,academy.com
4565,playcast.ru
4566,sagepub.com
4567,uchicago.edu
4568,allin1convert.com
4569,intelius.com
4570,safenetdir.com
4571,thesimsresource.com
4572,ilmessaggero.it
4573,hithenews.com
4574,geekbuying.com
4575,whitehouse.gov
4576,car.gr
4577,lingualeo.com
4578,tam.com.br
4579,statsmobi.com
4580,usgs.gov
4581,stockcharts.com
4582,turbo.az
4583,service-now.com
4584,thepetitionsite.com
4585,eprice.com.tw
4586,talkingpointsmemo.com
4587,minube.com
4588,transaccionesbancolombia.com
4589,gulte.com
4590,foxbusiness.com
4591,response.jp
4592,matomecup.com
4593,666nf.com
4594,princeton.edu
4595,ksu.edu.sa
4596,blogspot.com.co
4597,free-av-douga.com
4598,eharmony.com
4599,guildwars2.com
4600,persianv.com
4601,inbox.com
4602,winshang.com
4603,synology.com
4604,9lwan.com
4605,wowkeren.com
4606,immonet.de
4607,torrentday.com
4608,hautelook.com
4609,sidereel.com
4610,mypoints.com
4611,walmart.com.mx
4612,oxfordjournals.org
4613,gouv.qc.ca
4614,carfax.com
4615,hixgo.com
4616,kxg99.com
4617,humana.com
4618,synxis.com
4619,paultan.org
4620,scientificamerican.com
4621,pluralsight.com
4622,property24.com
4623,newsbeast.gr
4624,softgozar.com
4625,cian.ru
4626,listenonrepeat.com
4627,domain-error.com
4628,carnival.com
4629,tuikuan.tmall.com
4630,britishcouncil.org
4631,mp3skull.la
4632,nassira.info
4633,ilvyou.cc
4634,tinhte.vn
4635,flyertalk.com
4636,115.com
4637,abercrombie.com
4638,mlit.go.jp
4639,shatel.ir
4640,filmitorrent.org
4641,parents.com
4642,prokerala.com
4643,packagetrackr.com
4644,desitvbox.me
4645,asu.edu
4646,cityhouse.cn
4647,mysku.ru
4648,airdroid.com
4649,shareably.net
4650,qiwi.ru
4651,zamunda.net
4652,marieclaire.com
4653,noox.info
4654,imgflip.com
4655,lrytas.lt
4656,texas.gov
4657,warthunder.com
4658,3bmeteo.com
4659,heureka.sk
4660,ulozto.cz
4661,dealwifi.com
4662,gusuwang.com
4663,scamadviser.com
4664,imvu.com
4665,theweek.com
4666,socialsecurity.gov
4667,hdwebtraffic.com
4668,labaq.com
4669,518.com.tw
4670,leroymerlin.ru
4671,filmstarts.de
4672,aircanada.com
4673,pnu.ac.ir
4674,netpnb.com
4675,tripadvisor.ca
4676,groupon.jp
4677,1hhhh.net
4678,gamespark.jp
4679,fifa.com
4680,detmir.ru
4681,intodns.com
4682,bershka.com
4683,ricardo.ch
4684,ruyaanlami.com
4685,tweakers.net
4686,rk.com
4687,jeu.info
4688,soompi.com
4689,cifraclub.com.br
4690,televisa.com
4691,turnitin.com
4692,moe.gov.sa
4693,crutchfield.com
4694,smartsheet.com
4695,thedodo.com
4696,rai.tv
4697,e-travel.com
4698,goindigo.in
4699,ab-in-den-urlaub.de
4700,cpanel.net
4701,roodo.com
4702,trivago.com
4703,huffingtonpost.it
4704,desi-tashan.com
4705,gleam.io
4706,storypick.com
4707,banamex.com
4708,tamindir.com
4709,libertyland.tv
4710,jusbrasil.com.br
4711,dream.co.id
4712,life.tw
4713,hdmovie14.net
4714,thepioneerwoman.com
4715,webdunia.com
4716,society6.com
4717,testberichte.de
4718,amiami.jp
4719,mediamarkt.ru
4720,jappy.de
4721,muyzorras.com
4722,kidstaff.com.ua
4723,800hr.com
4724,fangdd.com
4725,wealthy-millionaires.com
4726,patagonia.com
4727,hotline.ua
4728,biography.com
4729,rastaneko-blog.com
4730,care.com
4731,nbg.gr
4732,aukro.cz
4733,canadapost.ca
4734,tuniu.com
4735,papystreaming.com
4736,aftership.com
4737,rai.it
4738,indianrailways.gov.in
4739,mappy.com
4740,tvzvezda.ru
4741,pekao24.pl
4742,service-public.fr
4743,cinemark.com
4744,computerworld.com
4745,baku.ws
4746,hasbro.com
4747,natemat.pl
4748,hsbc.com
4749,shueisha.co.jp
4750,digit.in
4751,hpconnected.com
4752,statista.com
4753,lacentrale.fr
4754,cleveland.com
4755,diario.mx
4756,macadogru.com.tr
4757,cic.fr
4758,gumroad.com
4759,55haitao.com
4760,clixten.info
4761,rainierland.com
4762,boldsky.com
4763,robokassa.ru
4764,yamaha.com
4765,hattrick.org
4766,secretsdujeu.com
4767,mypc-updater.com
4768,huffingtonpost.fr
4769,yepme.com
4770,anige-sokuhouvip.com
4771,screwfix.com
4772,ancestry.co.uk
4773,teamliquid.net
4774,wdc.com
4775,turkcell.com.tr
4776,sonhoo.com
4777,fontspace.com
4778,awwwards.com
4779,zxart.cn
4780,labnol.org
4781,mirraw.com
4782,hsbc.com.mx
4783,homeshop18.com
4784,typeform.com
4785,jomashop.com
4786,buy123.com.tw
4787,hitta.se
4788,djelfa.info
4789,narvar.com
4790,ed2000.com
4791,inep.gov.br
4792,furusato-tax.jp
4793,myfedloan.org
4794,banorte.com
4795,notebooksbilliger.de
4796,webredirects.com
4797,trovigo.com
4798,google.com.cu
4799,iol.co.za
4800,acrobat.com
4801,lalamao.com
4802,webtretho.com
4803,vivo.com.br
4804,unc.edu
4805,kino-teatr.ru
4806,mhlw.go.jp
4807,banma.com
4808,purepeople.com
4809,re-markit.co
4810,dunyanews.tv
4811,xe365.net
4812,hewitt.com
4813,express-scripts.com
4814,youxixiazai.org
4815,enjin.com
4816,band.us
4817,liberation.fr
4818,m3.com
4819,voanews.com
4820,mywot.com
4821,probiller.com
4822,derstandard.at
4823,mysites123.com
4824,pintu360.com
4825,apsense.com
4826,hebei.com.cn
4827,muuy.info
4828,freemake.com
4829,badabun.net
4830,kataweb.it
4831,collider.com
4832,espn.uol.com.br
4833,xb11766.com
4834,bravotv.com
4835,csod.com
4836,zhcw.com
4837,bnf76d.com
4838,pagesix.com
4839,sweetwater.com
4840,computerbase.de
4841,ubs.com
4842,ovh.net
4843,newpost.gr
4844,delfi.ee
4845,hsoub.com
4846,xlovecam.com
4847,bdjobs.com
4848,livescores.biz
4849,dumpert.nl
4850,americanoverlook.com
4851,shlandscape.com
4852,cnr.cn
4853,kimiss.com
4854,housebeautiful.com
4855,vivo.sx
4856,p30world.com
4857,tjmama.com
4858,gametwist.com
4859,petapixel.com
4860,enterprise.com
4861,mailerlite.com
4862,branchroughlend.info
4863,17iw.com
4864,waveapps.com
4865,acunn.com
4866,einthusan.com
4867,ashleymadison.com
4868,capterra.com
4869,anthem.com
4870,ziprecruiter.com
4871,nordea.fi
4872,gnc.com
4873,videowood.tv
4874,9281.net
4875,tripadvisor.com.au
4876,geektv.me
4877,everychina.com
4878,smbc-comics.com
4879,funday24.ru
4880,thepointsguy.com
4881,motthegioi.vn
4882,geocaching.com
4883,signupgenius.com
4884,bible.com
4885,sketchup.com
4886,eclipse.org
4887,irr.ru
4888,top1health.com
4889,digid.nl
4890,theadvocate.com
4891,experts-exchange.com
4892,ppy.sh
4893,smv.to
4894,mangapark.me
4895,wanfangdata.com.cn
4896,alluc.ee
4897,lance.com.br
4898,medi1tv.com
4899,verseriesynovelas.tv
4900,vipfullhdfilmizle.com
4901,gamebase.com.tw
4902,myscore.ru
4903,ozbargain.com.au
4904,dish.com
4905,plotek.pl
4906,rutgers.edu
4907,teknosa.com
4908,thaqafnafsak.com
4909,comingsoon.net
4910,peopleperhour.com
4911,boohoo.com
4912,belk.com
4913,tiankong.com
4914,litres.ru
4915,duke.edu
4916,jwplayer.com
4917,gogoanime.com
4918,ilcorsaronero.info
4919,techsmith.com
4920,ktone.cn
4921,pages.tmall.com
4922,gfxtr.net
4923,avon.com
4924,logsoku.com
4925,juicyads.com
4926,rusvesna.su
4927,finviz.com
4928,bkstr.com
4929,snapfish.com
4930,pconverter.com
4931,addictinginfo.org
4932,microcenter.com
4933,tap4joy.com
4934,gmx.com
4935,seobook.com
4936,nerdwallet.com
4937,9666.cn
4938,curbed.com
4939,unext.jp
4940,p-bandai.jp
4941,dastelefonbuch.de
4942,runetki.tv
4943,banglamail24.com
4944,ruelala.com
4945,rakuten.jp
4946,barclaycard.co.uk
4947,vippers.jp
4948,dengekionline.com
4949,quidco.com
4950,tori.fi
4951,sanguosha.com
4952,fashionguide.com.tw
4953,pornhan.com
4954,colissimo.fr
4955,koreanair.com
4956,accorhotels.com
4957,just-eat.co.uk
4958,jschina.com.cn
4959,gametop.com
4960,pf178.com
4961,haruka-yumenoato.net
4962,akhbarelyom.com
4963,publix.com
4964,kaola.com
4965,businessdictionary.com
4966,365jilin.com
4967,dict.cn
4968,thedishh.com
4969,geocities.co.jp
4970,bestairboattours.com
4971,o2online.de
4972,globososo.com
4973,qq5.com
4974,cltrkr.com
4975,clickbank.net
4976,blogspot.co.za
4977,baihe.com
4978,muscleandfitness.com
4979,retty.me
4980,shinhancard.com
4981,bidorbuy.co.za
4982,adevarul.ro
4983,fx678.com
4984,zestvip.com
4985,cuisineaz.com
4986,hardwarezone.com.sg
4987,qinqinbaby.com
4988,zx555.net
4989,atresplayer.com
4990,lifo.gr
4991,javarchive.com
4992,v2ex.com
4993,nhentai.net
4994,pptv.com
4995,vagas.com.br
4996,kongzhong.com
4997,aglasem.com
4998,seancody.com
4999,fiuxy.net
5000,ibuying.com
